,Water_Runoff,Coastal,Landslide,Storm_Surface,Riverine,Precipitation,Evapotranspiration,Skin_Reservoir,Evaporation,Soil_Temperature,Radiative_Temperature,Soil_Water,LeafArea,Soil_Level,Latent_Heat,Soil_Level,Soil_Heat,Wind_Speed,Soil_Moisture,Surface_Pressure,Vapor_Pressure,Groundwater_Runoff,Sensible_Heat,Humidity,Dew,Density,Heatwave,Water_Deficit,Surface_Air,Temperature,Food,Battles,Explosions/Remote violence,Protests,Riots,Strategic developments,Violence against civilians,total_event_types,"fatalities, Battles","fatalities, Explosions/Remote violence","fatalities, Protests","fatalities, Riots","fatalities, Strategic developments","fatalities, Violence against civilians","total_fatalities, "
0,-9.785743,13.071511,-29.065561,-4.913549,6.5748677,3.0725582,-5.588446,-2.0968266,3.8770773,-5.948453,0.9973793,2.913165,-7.723192,-5.2873106,-10.494808,-5.2873106,-11.066824,-0.5581693,8.208737,-10.066192,12.08174,3.2697365,-4.5783176,11.59821,4.5830455,-152.19902,18.577457,-6.7418246,-4.564607,-4.090545,-7.880719e+36,0,0,4,0,0,2,6,0,0,0,0,0,2,2
1,-4.4510584,4.962664,-23.626535,9.772707,0.8077473,8.971795,-1.8915664,-8.279265,5.5052295,-0.5746308,3.2797055,5.81666,0.33624583,1.4582133,-4.301021,1.4582133,4.8641653,7.7866898,-1.5500013,0.43695402,-4.797209,-5.7044935,-1.9022459,2.0154932,2.30719,-161.5015,-4.089179,-1.6862999,1.7004261,2.2904122,-7.880719e+36,6,4,0,0,1,2,13,3,5,0,0,0,1,9
2,-11.909466,11.71239,-29.582335,0.864251,6.113179,4.0523524,-4.9888983,-0.58570385,3.359438,-5.382941,2.1645527,2.3207512,-7.69058,-3.4992101,-11.1792345,-3.4992101,-12.173788,-2.3019164,-12.775447,-4.481901,-8.562257,4.8705063,-3.7523248,-1.4040657,4.0245695,-150.5789,19.041609,-3.9687386,-1.6826092,-3.2518854,-7.880719e+36,10,36,1,0,7,7,61,31,30,0,0,0,9,70
3,7.758137,15.811904,-16.693804,7.044371,10.137346,-7.126973,3.069797,4.485955,-6.747284,6.822594,10.565229,-6.8240156,11.223374,9.457995,-2.5205357,9.457995,-0.21117957,2.4376838,4.177406,8.717208,7.169052,10.9859085,6.1273236,-6.695104,-3.8425517,-147.19386,-7.609262,7.8247857,9.714209,8.119581,-7.880719e+36,0,1,2,0,1,0,4,0,2,0,0,0,0,2
4,-6.7433143,-8.275314,-28.289974,-6.07418,-9.680875,6.680084,-7.311238,-8.077782,4.4870563,-10.362889,-6.24882,1.274628,4.7416277,-4.9364824,-9.59447,-4.9364824,10.050441,-8.056935,-3.1783688,-7.056735,-4.4039803,-8.238238,-0.1365576,4.2835712,7.55586,-150.89548,1.0236858,-7.4573503,-9.680089,-6.6961093,-7.880719e+36,4,5,3,13,2,5,32,4,0,0,1,0,3,8
5,1.7400551,6.740495,-21.830488,-2.7410185,2.5951731,-2.4747038,0.41000652,1.8187288,1.3145096,0.41460493,4.333052,3.8321068,5.7122135,1.910861,0.06567798,1.910861,5.250528,-2.6161473,-1.1713496,1.6172769,-0.19792235,-4.0102406,2.7768848,10.02373,2.4254694,-155.9992,-3.598588,3.4641504,2.8862267,2.7704,-7.880719e+36,5,8,0,0,1,2,16,2,17,0,0,0,6,25
6,-2.2902644,2.4747715,-29.130495,-5.7779517,-3.6702378,-2.6844242,-12.116137,-0.333736,2.127044,-8.585918,-6.569069,3.8480446,6.031528,-2.2353692,-15.131044,-2.2353692,8.501045,-6.755918,-6.591032,-6.6965218,-5.8209743,-8.760832,0.8621105,1.4374667,-0.15929197,-161.43361,0.66641116,-1.770695,-9.563733,-7.2600217,-7.880719e+36,7,0,1,1,1,3,13,8,0,0,0,0,3,11
7,-7.294368,3.6880739,106.088585,-2.1597095,-3.3072731,5.4861007,-11.450588,-1.9069145,-10.147195,-7.7251253,-4.5634375,2.6561077,1.7326502,3.1168365,-13.131139,3.1168365,-8.082701,-7.3554745,-11.019774,-8.21571,-7.6274815,2.2003968,-4.2686653,7.9986043,-0.92629796,-151.20602,-3.7808168,-5.4420953,-6.931028,-9.51335,-7.880719e+36,0,0,1,0,0,0,1,0,0,0,0,0,0,0
8,-2.166367,1.033683,-23.287981,3.0466406,-0.12782964,-1.6603496,-1.3373083,-7.941657,5.1857743,0.005793673,3.8976126,7.654895,1.0363371,1.5035338,-4.357931,1.5035338,6.0609484,7.7862244,-1.3804386,1.06156,-0.222292,-4.6766143,2.702974,8.003604,2.4069738,-161.18039,-4.140524,-10.941128,2.1600246,2.5263991,-7.880719e+36,13,18,0,0,4,3,38,28,22,0,0,0,5,55
9,-10.800053,12.542763,-29.126036,-9.381253,-13.454035,7.358304,-9.815697,-4.291813,9.974631,-3.5640352,-0.053074125,-0.4340694,3.828386,3.5653825,-9.567521,3.5653825,-4.377555,-3.6320457,-11.1954365,-2.71053,-2.0900035,0.42165518,0.71786493,-1.434845,12.5482235,-143.67377,11.217255,-5.495936,0.78850603,0.97700053,-4.875715e+21,8,2,0,0,2,0,12,8,0,0,0,0,0,8
10,-6.005758,1.5796689,-24.481121,-7.6312246,-0.00053764356,2.9297357,-3.9622085,-4.865559,4.6148243,-1.8175669,-0.7209408,7.5214825,1.8350687,1.1930755,-12.031185,1.1930755,7.5512223,-2.3559194,-5.147879,-0.36931777,-5.1291966,-12.346698,-1.3862809,7.8716702,1.7616237,-160.72664,6.927808,-2.5175076,0.38352215,-0.8135533,-7.880719e+36,50,15,0,0,21,3,89,55,8,0,0,0,2,65
11,6.985371,10.423636,-23.48287,10.69132,11.7337055,-5.4758415,2.063408,5.1246185,0.03663916,2.748564,8.934536,-6.4597654,6.2105165,5.5704584,0.055515394,5.5704584,1.5799246,3.4151456,2.472907,3.888782,4.5301094,1.1456603,4.2267156,5.310856,-1.3942026,-154.30832,8.693519,7.1594114,5.060705,4.325924,-7.880719e+36,2,6,0,0,3,0,11,8,9,0,0,0,0,17
12,-2.5719607,8.2368355,-25.322887,-9.324111,3.6789522,9.581648,-12.204976,0.53562313,-11.135065,-8.129034,-7.266669,3.9880736,-3.4597094,3.0490446,-14.402698,3.0490446,4.1572084,-6.258654,-6.962165,-7.0792274,-2.3345535,-9.103337,0.43536773,0.7651449,-0.8048786,-142.84555,15.108168,0.09650043,-9.839719,-9.490223,-7.880719e+36,4,0,0,0,0,0,4,5,0,0,0,0,0,5
13,-4.6149955,4.4453073,105.71989,2.3175254,-3.1095974,-1.1348236,-3.9912674,-5.1793847,-2.3216543,-4.2993746,-3.914956,7.1771016,2.5266278,0.2342087,-12.722816,0.2342087,8.6373205,7.868566,-6.4209256,-8.839139,-8.4258585,-10.890054,-2.4936047,8.006067,0.8219082,-143.05162,3.3416295,-11.140558,-8.401495,-1.1772434,-7.880719e+36,0,0,7,2,0,1,10,0,0,0,0,0,1,1
14,-8.420608,15.406586,-25.309238,-7.06289,10.245779,0.08928731,-9.202674,-10.538781,-9.794107,1.8971528,7.6852875,2.4118834,8.392294,4.608562,-6.4303436,4.608562,-3.4243984,-3.237605,-2.3756027,1.409912,0.304116,-5.632984,-7.7803,-1.1944679,10.2967615,-141.73343,-4.513459,-9.390095,7.2505636,4.7930994,-4.715162e+21,15,18,0,0,21,1,55,38,25,0,0,0,1,64
15,-5.318467,-3.3040533,107.03082,4.1372123,-4.034093,5.4866047,-8.887913,7.105776,-3.304301,3.1806657,6.713486,5.3779893,-6.422576,4.8620605,-7.172798,4.8620605,2.3444977,-4.8333626,1.210299,4.2929735,-11.692859,11.026797,-1.042092,2.3599691,-0.62016475,9856.275,15.6496,-1.0913159,5.3505974,5.2955227,-1.7315293e+21,0,1,0,0,0,0,1,0,1,0,0,0,0,1
16,-4.8944716,-8.025082,-25.307114,-2.2239556,-9.159609,6.5129313,-6.8581643,-4.375271,4.5781183,-8.045483,-3.5382898,1.5065932,-3.16398,-2.0706506,-10.2361965,-2.0706506,9.662293,-5.182603,-5.689682,-7.944609,-6.571248,-8.471432,-6.901043,5.860613,1.0355166,-146.20256,-0.33080947,-9.325991,-9.028679,-6.797019,-7.880719e+36,1,0,1,1,0,0,3,1,0,0,0,0,0,1
17,-6.373712,2.2150362,-29.125187,-6.7077827,-3.7456012,6.7315364,-8.4704895,-11.194412,7.682239,-10.072385,-5.9196024,-0.17751132,-12.189155,-2.5227752,-8.1154995,-2.5227752,10.388962,-8.221482,-4.3516645,-5.8646317,-3.8733943,-8.62416,0.70875645,4.8900547,6.9827833,-150.77747,0.079743974,-6.1988883,-9.114622,-6.521092,-7.880719e+36,0,5,2,1,1,0,9,0,0,0,0,0,0,0
18,-11.333702,-8.274736,-29.125322,-10.449638,-9.659444,5.9053526,-7.1167874,-9.400719,-2.52293,-9.1137295,-5.0883174,0.44536003,2.311705,-2.7322388,-9.900627,-2.7322388,2.632876,-8.414811,-4.9379244,-6.4397874,-5.014751,-8.882843,-8.597291,8.106435,6.885831,-141.71939,11.95318,-7.1802125,-7.570871,-6.1346407,-7.880719e+36,0,0,2,0,0,0,2,0,0,0,0,0,0,0
19,-12.6884775,-7.5884414,-28.282616,-12.376093,-10.300567,2.3324888,-6.4656463,-12.508679,6.75084,-7.109873,-3.2559028,0.74922174,-0.33424267,-5.256714,-16.149385,-5.256714,12.062249,-9.081051,-4.207676,-9.488358,-7.123119,-7.785831,-9.522634,12.574348,5.2621846,-156.307,8.543681,-7.389976,-5.266977,-4.8146396,-7.880719e+36,0,1,1,1,0,1,4,0,0,0,0,0,1,1
20,-1.095495,6.037351,105.82525,-10.148269,1.2459917,6.246894,-10.82857,-0.16357268,-2.9265854,-10.772948,-7.6947827,4.2181716,5.3413143,-0.6494913,-9.154286,-0.6494913,7.8829107,-6.697068,-2.86847,-5.6059484,-5.2009535,-9.343946,0.8111256,-0.14166094,9.076263,-144.8043,14.110796,-0.65567356,-10.349296,-8.686661,-9.153009e+21,12,0,11,1,1,4,29,1,0,0,0,0,3,4
21,-5.681957,-7.5884414,-29.1233,-10.354747,-9.749357,2.7909012,-7.1986194,-11.999469,6.33352,-9.613498,-4.7913003,5.130882,-0.6560116,-1.7437737,-9.687048,-1.7437737,9.673837,-5.7528152,-4.933426,-7.2000504,-5.465701,-8.471777,-8.344463,4.3747168,7.7324576,-145.11726,1.1470665,-11.387889,-9.52657,-6.92994,-7.880719e+36,0,1,1,1,0,1,4,0,0,0,0,0,1,1
22,-7.1592884,4.3343887,105.57848,-9.036902,2.3638468,-1.4224851,-11.141328,2.4208302,-10.507711,-2.1701105,1.5831258,6.668968,5.253347,3.59971,-15.274234,3.59971,-4.0773616,8.984639,-7.2634544,-2.7711787,-1.7818595,-10.85732,-0.5483874,-3.161808,12.479004,-143.73297,20.128729,2.1498387,1.1488135,0.9346043,-5.257291e+21,10,8,3,0,1,1,23,13,10,0,0,0,1,24
23,-5.997127,8.558355,106.11669,-8.268174,3.8009691,2.6038067,-5.1164813,0.6752975,2.2993677,-2.5886698,-1.4279045,3.7804868,5.272261,-2.7017174,-12.097206,-2.7017174,3.9413707,-2.5005214,-7.3052564,-3.8259501,-7.035586,-6.999999,-6.7058144,1.1718129,2.6517675,-161.57994,3.3451319,-3.3043818,-2.7390068,-2.293717,-7.880719e+36,4,2,0,0,4,2,12,7,14,0,0,0,2,23
24,7.783478,-8.552928,-19.28277,11.0308695,14.589103,-9.831523,6.1778398,9.59763,12.096706,7.8963747,11.252895,-8.632659,11.523886,9.395242,6.353058,9.395242,-1.1375391,4.193753,6.420318,9.401138,7.582034,9.841541,6.54448,-6.013472,-7.119727,-160.59863,-8.61363,9.375194,10.296816,10.076982,-7.880719e+36,0,4,0,0,0,0,4,0,7,0,0,0,0,7
25,-12.480669,-8.025108,-29.137993,-6.0851164,14.164771,3.0606043,-5.70439,-2.9348166,3.8536513,-6.5813985,-2.8386767,4.4638042,3.8934925,-2.9335558,-12.596947,-2.9335558,-10.058054,-0.48001763,-11.684868,-10.016851,-8.826342,2.7022507,-4.720135,10.785797,4.385564,-163.14684,13.183102,-5.619774,-4.5021977,-4.2710414,-7.880719e+36,0,6,2,0,1,0,9,0,0,0,0,0,0,0
26,-3.7508664,2.639847,-29.13443,-7.3241124,2.2574348,-1.084456,-11.145664,1.786637,-10.827741,-1.6884329,-0.1975051,8.836982,3.8264208,3.5688598,-15.303264,3.5688598,-4.205331,8.47543,-6.143764,-2.9656131,-1.5641189,-11.163357,-3.9058914,-2.4566886,12.569785,-143.79202,2.8096259,2.5143163,0.6583526,0.99432987,-4.3526894e+21,9,2,0,0,3,1,15,17,0,0,0,0,8,25
27,-7.265188,-8.0333,-29.586426,-2.6759813,-9.8235855,6.4839163,-8.291076,-3.7193859,-1.5610931,-8.827732,-4.868713,1.6562912,5.245471,-0.10832653,-9.596156,-0.10832653,-8.6861925,-7.994993,-9.066234,-2.5089545,-3.9878075,0.6410281,-2.2271416,4.329761,7.149462,-151.30304,15.012401,-8.471906,-6.0250835,-1.9253088,-7.880719e+36,5,9,31,17,3,6,71,3,0,0,0,0,3,6
28,-7.0295506,4.6439075,105.961815,-0.60028076,0.7149415,1.8367866,-5.329402,-0.4508764,3.2711344,-6.4955153,-2.5900729,5.3535943,-7.706657,-3.6712668,-10.6933975,-3.6712668,-6.7370553,-0.7699194,-10.44104,-11.061689,-8.880079,7.0374656,-5.1255217,10.50262,3.2527413,-150.2822,10.556334,-3.6045415,-3.3649852,-3.6409957,-7.880719e+36,3,0,0,0,0,1,4,3,0,0,0,0,1,4
29,-7.0747213,-7.588454,-28.287102,-9.997773,-10.300501,4.0151052,-7.2225184,-11.753121,6.536734,-9.76832,-3.488856,0.89827466,-0.37856835,-4.972421,-8.776365,-4.972421,10.30969,-6.143901,-3.8025422,-7.678944,-5.8749056,-7.8061275,-9.060392,6.4118257,7.740221,-148.1927,11.953127,-8.416752,-7.776701,-6.4041147,-7.880719e+36,0,0,1,0,0,0,1,0,0,0,0,0,0,0
30,-11.182518,0.4189986,-29.124773,-9.834132,-4.405947,4.7492123,-11.575188,-3.5676758,-9.075652,-4.8401995,-5.403889,1.5828148,1.5418096,-1.9878892,-13.501474,-1.9878892,9.121864,-8.201246,-6.1322303,-8.478963,-6.1879287,-9.710039,-8.36221,8.607051,6.645894,-142.40579,-3.110155,-7.944093,-6.293049,-5.7645707,-7.880719e+36,0,0,1,0,0,0,1,0,0,0,0,0,0,0
31,-8.407982,14.26538,-29.578669,-4.635791,11.631832,-0.51064694,-11.145321,-6.916963,9.973836,-0.11832042,3.1081226,-0.5653404,2.962295,3.58858,-15.639769,3.58858,-4.295697,-4.232589,-3.2223027,0.052492306,-1.5665296,0.752998,-4.605925,-1.9877713,-2.0742674,-142.57959,-4.1697755,2.6589136,2.261235,0.9831513,-4.5538145e+21,4,1,0,0,0,0,5,7,0,0,0,0,0,7
32,-5.2661953,-7.588454,106.18671,0.9407622,-9.821467,6.389657,-12.318202,0.66020775,-2.9486191,-10.537252,-6.9648376,2.4533246,6.448215,-0.25152302,-14.124571,-0.25152302,8.930246,-7.7581162,-3.4206057,-5.0089664,-4.1298995,-11.169722,1.3806912,4.0816135,8.02529,-143.46666,0.40592408,-8.87779,-6.4030437,-7.440437,1.4555953e+22,1,1,12,5,0,0,19,0,0,0,0,0,0,0
33,-7.468522,9.909071,-29.103197,-7.7600536,5.4136457,4.60641,-5.143036,-0.8467944,3.0652606,-3.6312275,-0.37023628,2.341861,1.5578372,-1.2138801,-10.615891,-1.2138801,-9.280057,7.74162,-11.623619,-2.852528,-6.474679,1.4493482,-0.5322476,-1.5072156,13.793679,-162.88797,10.81927,-3.153229,0.6697405,-1.5100955,-7.880719e+36,22,6,1,0,17,2,48,42,7,0,0,0,1,50
34,-13.657667,-1.0712236,-29.580692,-7.8995714,-4.9894686,4.5014863,-7.1999893,-12.034859,6.5784206,-9.995531,-4.733128,1.0589763,-0.7120781,-4.9728694,-9.267556,-4.9728694,10.162535,-6.114817,-4.7033367,-7.1737247,-5.065825,-8.23986,-8.985166,4.78517,7.506466,-145.67323,0.21056086,-7.6272635,-9.338404,-6.5215836,-7.880719e+36,4,5,5,11,0,0,25,3,0,0,0,0,0,3
35,-8.979307,13.3337555,-29.09753,-1.5525268,6.621445,1.6785067,-11.64637,-6.5097256,-10.330137,-3.5751317,-0.41857052,2.9026608,2.407409,3.5980341,-15.236066,3.5980341,-4.6541853,-1.9224987,-11.199004,-3.207443,-2.063208,3.2931426,-4.6080794,-1.3449657,11.812339,-149.4287,23.753323,-5.10622,-2.1246212,0.6529959,2.02101e+21,0,1,0,0,2,0,3,0,2,0,0,0,0,2
36,-10.416337,15.66566,-25.337317,-6.6631804,10.19952,0.065971635,-9.117817,-10.674198,-9.745238,2.0809305,8.033448,2.3055987,-12.198899,4.7737107,-6.3757825,4.7737107,-3.315573,-2.090874,-2.452016,2.1396658,2.1735559,-4.7080398,-7.9126678,-1.052308,10.2997265,-142.29312,-2.100938,-5.1024218,7.5145235,4.8231606,-4.199669e+21,0,2,0,0,3,0,5,0,0,0,0,0,0,0
37,-1.0978036,5.6300554,106.1037,-4.2574916,-2.8526454,6.0568776,-10.512359,-3.614421,-2.858231,-11.340043,-6.9446497,3.8225195,3.3475547,-0.57467043,-8.264839,-0.57467043,-10.284818,-5.9257245,-9.840092,-5.533852,-5.5914025,3.3659163,-3.5210774,-0.32955277,9.168954,-144.40211,14.718003,-1.2890857,-10.617539,-8.832927,5.1813207e+20,15,2,11,3,2,10,43,6,0,0,0,0,12,18
38,-9.938783,13.076291,-28.803032,-6.6692767,6.57604,7.5747075,-10.784135,-3.599712,-10.053663,-3.7645001,-1.3970934,2.6293523,3.5047474,3.3134966,-10.469894,3.3134966,-8.397696,-3.283047,-12.119383,-4.226758,-2.364666,3.2028465,-4.8169336,-1.5616008,12.075909,-150.51653,10.463218,-6.3454156,-1.3396114,0.62046546,1.4185293e+38,0,0,0,2,0,0,2,0,0,0,0,0,0,0
39,-10.282325,10.435757,-25.316711,-10.579668,5.594522,7.5109,-8.317614,-11.4840765,-12.044767,-2.7206905,0.012678053,0.84221387,-3.2506077,-0.3427806,-7.782034,-0.3427806,-9.018644,-4.1963325,-10.943542,-0.16738695,-3.567336,2.8244624,1.5566034,-1.6101959,-2.0659335,-149.77463,4.3485017,-7.3144393,-0.5071401,-1.4336721,-7.880719e+36,0,1,2,0,0,1,4,0,1,0,0,0,1,2
40,-10.00386,12.768102,-28.803032,-11.002729,6.5023804,1.4461021,-12.563704,-1.8253437,1.4197519,-4.056643,-3.186867,2.0638728,-3.4452772,-1.694046,-13.429107,-1.694046,11.040634,-7.930712,-6.9263945,-3.0227737,-2.9090078,-10.108118,0.5085132,12.104093,5.1672835,-150.45535,-0.4311846,-6.2552233,-4.840106,-4.9903784,-7.880719e+36,1,0,0,1,0,1,3,0,0,0,0,0,0,0
41,-8.651111,5.5607667,-28.280775,-10.658131,-2.8660262,4.0590644,-7.367926,-12.375533,6.74605,-10.551106,-5.509375,-0.30832285,0.72661364,-6.31425,-8.703717,-6.31425,10.616642,-8.630994,-2.8259692,-7.597299,-4.0109797,-11.057058,-7.6561112,12.969296,5.5423083,-145.50043,11.953127,-7.7175465,-5.5765543,-5.873765,-7.880719e+36,3,0,17,3,0,0,23,3,0,0,0,0,0,3
42,-9.136701,12.6844845,-28.278769,-8.992162,6.4797072,7.632897,-12.488344,-1.6175218,-13.295477,-4.40615,-4.286595,2.1481216,-3.400207,-1.3894883,-13.187419,-1.3894883,-10.255934,-8.035227,-12.003374,-8.784972,-3.2348375,3.828783,-4.9492764,11.929603,4.9860015,-150.25993,-0.33706632,-6.6958885,-4.919862,-5.1399117,-7.880719e+36,3,4,5,1,1,1,15,2,0,0,4,0,1,7
43,-12.865677,13.503286,-28.277224,-12.310275,6.6468387,2.8415382,-5.9218926,-1.4416506,3.2926137,-4.498266,-2.0402157,2.1196566,4.2201447,-4.468288,-9.952682,-4.468288,11.642087,-1.3919903,-6.877131,-10.236881,-8.613622,-8.985807,-9.907414,10.844058,4.008477,-156.02812,19.564262,-5.108107,-4.1858478,-4.2348127,-7.880719e+36,20,29,0,0,8,1,58,14,27,0,0,0,1,42
44,-5.6374807,-7.5884414,-28.276138,-7.7796307,-10.301179,4.8225493,-7.734435,-11.252571,6.080238,-8.799364,-7.8573437,1.3284396,1.0543642,-1.6575551,-9.520717,-1.6575551,8.44534,-5.891752,-6.0430956,-6.901952,-4.635861,-8.537125,0.56147724,3.1096401,7.9539747,-142.95662,1.3445773,-9.086559,-9.039268,-7.19191,-7.880719e+36,3,0,15,7,0,0,25,1,0,0,0,0,0,1
45,-9.296986,10.582142,-28.753431,-12.431662,5.6462326,3.0740895,-5.98451,-1.958381,3.6178668,-6.985664,-2.6244042,2.7156382,-7.623991,-5.2887015,-8.743026,-5.2887015,12.204472,-1.4722761,-4.2525415,-10.156768,-7.520853,-7.784957,-9.9935255,11.512526,-10.903622,-138.726,6.926439,-6.9392657,-4.3835464,-4.389142,-7.880719e+36,0,0,4,0,0,1,5,0,0,0,0,0,0,0
46,-13.356884,9.57316,105.920425,3.8578432,4.1162095,2.4743612,-4.81176,-2.731956,4.930428,-5.816856,1.8972386,5.509649,-8.150512,-3.7467978,-10.892814,-3.7467978,-12.200607,-0.7148497,-12.724028,-10.611871,-8.855058,5.309355,-3.5190992,10.053407,3.13981,-149.49684,9.919721,-3.8649445,-3.7625735,-3.1913002,-7.880719e+36,3,1,1,0,1,2,8,2,0,0,0,0,1,3
47,-10.613381,-1.3022938,-25.108818,-6.821845,1.4600185,-0.17163439,-8.258964,-11.000532,6.515817,2.2819111,8.764936,4.7232094,-1.2254755,5.0903463,-6.210191,5.0903463,10.433357,-3.550135,-2.45314,5.9824944,5.1889114,-11.661042,-7.572879,-3.0652282,5.949761,-141.69664,-5.9416723,-8.4348955,7.0336094,4.982669,-7.880719e+36,0,1,0,0,2,1,4,0,3,0,0,0,1,4
48,-13.387962,8.65338,106.84792,1.1210895,3.8346853,2.3356788,-5.4428563,-2.568178,5.5715137,-6.1343126,1.4501148,1.330076,-8.273114,-4.3751745,-8.016854,-4.3751745,-11.2166605,-0.5965188,-10.976065,-10.847581,-8.799543,6.962453,-4.4255843,10.44836,3.412127,-149.79063,10.815922,-4.146263,-3.5009146,-3.500115,-7.880719e+36,18,70,113,90,120,54,465,16,9,40,103,0,23,191
49,-9.692548,13.496545,-28.767088,-6.2412086,6.645726,3.164148,-11.962753,-4.250379,-12.958472,-4.4883842,-4.0540113,2.5945175,-3.283429,-2.0419028,-12.970794,-2.0419028,-9.886335,-1.2921369,-11.737359,-9.2201,-6.660707,2.3182342,-4.980052,11.772609,4.8926187,-151.93355,-1.4649696,-6.9476156,-4.6859126,-5.052264,-7.880719e+36,0,2,0,0,0,0,2,0,0,0,0,0,0,0
50,-7.8360996,-8.275314,-28.761976,-11.830201,-10.301019,3.3312886,-5.9894357,-8.060165,4.3324246,-6.9583206,-3.2221706,1.8146609,1.4849511,-2.1878364,-13.395531,-2.1878364,11.441016,-0.20055602,-4.4529295,-9.654744,-8.712663,-7.784593,-8.331903,8.075892,4.24741,-162.94576,-0.5561507,-5.329656,-5.0354786,-4.97135,-7.880719e+36,0,2,0,0,1,1,4,0,1,0,0,0,0,1
51,-6.7299767,8.002923,106.45512,0.7263361,3.5910459,2.1482306,-4.9870405,-1.0534325,2.959309,-5.8670235,1.4567431,3.9317799,-7.537802,-4.097369,-11.100972,-4.097369,-11.906041,-0.6016747,-3.8016927,-10.465787,-9.11836,4.4367213,-3.9966102,10.526787,3.223215,-149.34872,13.167304,-4.142531,-3.7764263,-3.3970497,-7.880719e+36,0,1,2,0,0,1,4,0,0,0,0,0,0,0
52,-6.718269,1.4210033,105.83087,-3.471757,-4.016524,2.1211991,-6.973153,-0.8610619,3.9010262,-7.120707,-2.9361339,3.3637009,-7.838148,-3.8852289,-8.161896,-3.8852289,-5.714425,-0.46293357,9.832373,-10.935374,-9.472721,15.132618,-10.466059,10.783275,3.4811423,-151.70322,11.215247,-3.328885,-3.5076616,-4.014467,-7.880719e+36,14,26,31,5,19,9,104,7,12,0,2,0,6,27
53,-4.5892353,3.4459405,-23.907608,-8.052783,0.42542294,3.8280437,-4.541853,0.052231643,-10.059728,-2.6978981,-1.2868502,6.121107,4.8372955,3.794038,-12.281528,3.794038,3.8329418,-2.0983908,-7.313897,-0.73821187,-2.2039924,-12.154406,-1.6662127,7.955823,10.79605,-144.16707,3.941003,3.0574539,-7.6724076,0.13750143,-4.887502e+21,8,5,1,1,2,4,21,7,2,0,0,0,3,12
54,-7.234943,0.6255678,-29.575863,-6.5361648,2.1335437,3.0157807,-5.6079116,-2.366556,3.8605256,-6.4641337,-2.8959656,4.466391,0.59996635,-2.8774028,-12.94818,-2.8774028,-9.803469,-0.15429494,-11.621142,-9.791455,-8.98637,2.4112844,-4.700551,7.9701505,4.054109,-162.6596,17.701025,-4.999801,-4.689243,-4.192464,-7.880719e+36,1,0,0,0,1,0,2,2,0,0,0,0,0,2
55,-8.698454,9.801432,-29.580267,-12.349913,5.3783703,7.8189936,-12.506043,-1.5198116,-13.267623,-4.811209,-3.9339728,2.2328632,-3.6551013,-5.9945693,-13.097414,-5.9945693,11.175702,-8.844472,-6.2193804,-8.682023,-3.4943748,-8.207359,-9.500327,12.243446,5.0476875,-163.23431,-1.3534237,-6.620296,-5.095825,-5.1538396,-7.880719e+36,1,0,23,2,0,2,28,0,0,0,0,0,0,0
56,-7.179356,-8.02503,-29.57575,-9.499447,-10.300781,6.0943146,-6.8106074,-3.689823,-9.831174,-7.6678104,-3.9636488,2.5887907,0.004923128,-1.2734433,-9.724156,-1.2734433,10.394988,-5.73534,-5.1177983,13.762786,-6.4937572,-8.361408,-8.768844,6.8611593,-0.673124,-145.11557,-0.33068728,-6.2888308,-7.0769663,-9.280225,-7.880719e+36,0,0,1,0,0,1,2,0,0,0,0,0,7,7
57,-0.32289487,4.593167,-31.12031,-0.85962856,-3.0739696,-3.7880936,-2.3129492,-0.81560755,-11.033405,-8.708267,-7.404476,7.673349,-3.240952,0.022224993,-13.792297,0.022224993,-9.2382555,8.895505,-10.286595,-1.9732703,-6.540199,1.8077804,-2.7169545,1.9146825,-0.8569029,-137.62389,0.9501453,-0.32808158,-8.952503,-0.871516,-5.02304e+21,21,18,170,23,12,45,289,19,0,1,7,0,26,53
58,7.4582696,16.685593,-22.430891,9.610661,9.884612,-5.4528847,1.7235836,4.2761083,-0.15631247,3.6363199,5.2809086,-2.6098382,6.9991198,6.753806,1.82563,6.753806,-7.4360356,1.7696155,2.303908,3.30651,3.844412,5.3881874,6.6560683,6.9884763,-1.2291375,-151.44873,-3.0214777,5.2047033,4.0745425,6.2020454,-7.880719e+36,31,67,18,4,61,26,207,71,45,0,0,0,31,147
59,0.52023584,-8.025096,-24.849422,1.9839336,-10.301191,-2.413544,0.82843107,-7.304459,-5.6639047,0.71362627,4.25947,-1.4616531,-8.3647375,2.230011,0.570303,2.230011,-7.5046782,0.6093696,0.23194185,2.6811993,3.787653,4.753471,5.3596244,8.918884,0.5990161,-161.8234,5.864066,3.786177,3.0697591,3.1876283,-7.880719e+36,4,2,0,0,0,0,6,3,0,0,0,0,0,3
60,-4.7332945,8.088509,105.83596,-8.386724,3.6216502,1.7460303,-5.0931306,-6.438057,2.7253587,-2.5238912,-1.6497868,3.492078,4.57989,-3.4904683,-12.024169,-3.4904683,8.081153,-2.4638877,-7.1440005,-3.776508,-7.795746,-9.912304,-7.101994,0.83643985,3.0961163,-161.76509,9.921755,-3.0288982,-2.3810997,-2.4832535,-7.880719e+36,5,1,0,0,1,1,8,11,0,0,0,0,1,12
61,-12.567965,-5.075313,-28.752005,-11.314885,-5.5361795,4.1052394,-7.4407964,-12.061432,7.4725795,-5.0804152,-6.9978824,-0.09886358,2.467631,-5.8909073,-9.357362,-5.8909073,10.335547,-4.870752,-5.409901,-6.379882,-4.7523513,-8.830494,-8.9868,8.668395,6.657236,-144.85115,11.953129,-8.015821,-7.024001,-5.812077,-7.880719e+36,0,2,2,0,0,0,4,0,1,0,0,0,0,1
62,-1.2941083,7.975078,-25.322248,-10.349375,3.5830603,5.6041846,-7.537871,-11.441511,-1.6059986,-10.598011,-6.908917,3.553975,-1.5669401,-1.1143695,-8.232434,-1.1143695,7.362888,-5.6449947,-2.3138797,-7.087377,-6.0312476,-6.6082015,-0.009680418,-0.2022734,9.191639,-144.59886,14.219686,-1.6057149,-10.670124,-8.302839,-7.880719e+36,1,0,2,0,0,1,4,1,0,0,0,0,0,1
63,-13.242769,-8.274644,-29.574753,-8.715167,-9.816888,4.877252,-7.1907926,-11.065162,6.5568676,-9.529116,-5.995244,4.7208157,-0.84557277,-4.858161,-9.352692,-4.858161,9.527976,-6.295751,-5.273536,-7.1343727,-4.8175006,-8.847467,-9.122403,4.8560476,7.5392942,-145.27411,-0.18197754,-8.382181,-8.992649,-6.503289,-7.880719e+36,1,2,3,4,1,1,12,1,0,0,0,0,1,2
64,-8.732801,4.4167037,-25.321062,-9.986839,2.3695652,8.46518,-8.830203,-10.842026,-3.1406827,7.1640577,11.617346,-0.36301383,-1.3260351,7.818175,-6.2479243,7.818175,2.7137961,-10.403051,-6.0837307,7.9409146,0.73562306,-10.202252,0.7805141,-5.162015,12.186014,-141.05608,-8.502964,1.0349963,6.931687,8.703337,-9.245717e+21,5,2,0,0,4,1,12,8,1,0,0,0,6,15
65,5.716538,-9.123102,-20.671284,1.1462287,-9.159843,-4.313611,1.7672111,-9.704412,5.0743666,5.519737,9.838409,9.082048,-12.205185,6.646443,-3.7326732,6.646443,6.31682,3.4100277,-0.17385373,8.011091,6.2637205,-0.35626665,3.6952446,-6.2463975,5.688705,-147.11607,-6.4060388,7.6019917,10.18584,7.2536263,-7.880719e+36,1,4,0,0,1,1,7,2,10,0,0,0,0,12
66,4.9689302,-9.123105,-31.290377,0.24041854,-10.301056,-4.908582,1.5560949,3.068192,-0.09812287,5.128889,9.314005,9.759268,-13.129666,6.5203786,-0.9803345,6.5203786,6.2439175,2.958352,-0.29438564,6.6988444,4.45456,-1.8449882,3.5947728,2.3396266,-2.5382996,-148.32317,-6.0155835,6.175126,9.299618,6.9799848,-7.880719e+36,1,5,0,0,1,0,7,2,21,0,0,0,0,23
67,-12.405953,-9.093158,-29.575308,-12.3195095,-9.160078,2.5401268,-6.158779,-3.876804,-12.898503,-4.7054877,-4.954289,1.3704747,4.8700585,-2.7868145,-7.8567405,-2.7868145,11.141439,-9.075235,-6.4517593,-9.286981,-7.3405695,-8.30816,-9.61692,11.960273,4.865583,-156.30531,-0.3433839,-7.22577,-5.035608,-5.107472,-7.880719e+36,0,1,2,0,1,1,5,0,0,0,0,0,0,0
68,5.0014577,15.413109,-23.656986,1.8624843,10.2089405,-4.3150907,1.3777355,1.5668694,0.9723871,0.84321123,4.696608,-1.9022071,4.423662,4.469082,0.37589788,4.469082,5.829621,2.4764986,-0.4325787,2.2580748,3.5258634,-1.987069,3.945236,9.568242,1.2740635,-148.05836,-2.053605,4.389998,3.2992842,3.539362,-7.880719e+36,24,74,0,0,23,12,133,119,48,0,0,0,13,180
69,8.57236,13.680384,-20.200481,11.979643,10.3576355,-6.6870317,4.071202,4.831683,-8.399253,6.7515936,10.521335,-5.6792383,-9.301834,8.510988,-0.561434,8.510988,-4.1717563,3.4876237,5.1988015,6.9781466,6.3044796,7.9625354,6.3709354,2.7535012,-5.571545,-147.04228,-7.3998704,7.9712057,8.503959,9.209501,-7.880719e+36,0,1,1,0,0,1,3,0,0,0,0,0,1,1
70,-9.043363,-11.831646,-28.785902,-8.072565,4.559948,8.145076,-8.779216,-11.0134945,9.734639,-0.77027154,2.9081702,-0.2418874,-1.31283,3.819386,-6.222171,3.819386,-3.6788955,-3.1940794,-2.4355595,0.7187734,0.9402628,-10.454953,-5.749568,-2.2460597,12.481817,-141.21973,8.266713,-8.616145,1.9107451,0.9352098,-4.2239106e+21,2,1,0,0,0,1,4,1,1,0,0,0,0,2
71,-3.4046555,-1.3627303,-23.531912,-1.9252595,-0.603332,-1.6616193,0.1806603,-2.4733937,1.4773108,-0.12399267,3.872118,6.906443,5.5188212,2.089473,0.7410133,2.089473,5.7977114,-3.1670523,-1.1015053,1.4856833,-0.20119762,-4.609761,2.6128297,6.5342016,1.5796518,-140.69943,-4.250369,1.9759071,2.1345496,2.7962787,-7.880719e+36,36,27,0,0,30,7,100,59,47,0,0,0,3,109
72,-7.3376617,9.3283,106.72291,3.0236428,4.0462704,1.9891484,-4.677631,1.2989402,2.6802118,-5.7546654,1.8981996,6.434029,-6.815378,-4.255313,-11.16535,-4.255313,-12.260203,-1.148506,1.7850628,-11.105308,-8.865799,5.537276,-3.546562,10.405447,3.1065211,-150.41937,4.8792963,-3.729412,-3.3032615,-3.2222114,-7.880719e+36,2,1,0,0,1,2,6,0,2,0,0,0,2,4
73,-6.8335834,5.7683277,105.84859,0.38007423,1.0808277,2.214358,-5.121391,-1.2261572,3.178087,-5.8659935,1.3639272,2.2952042,-7.563403,-4.477282,-11.058842,-4.477282,-11.819997,-0.64540404,-12.433176,-10.593034,-9.004595,4.182635,-4.164337,10.534254,3.8644753,-151.35794,17.310467,-4.2534637,-3.68185,-3.5769794,-7.880719e+36,0,3,0,0,0,0,3,0,3,0,0,0,0,3
74,1.6343033,0.62107337,-23.448723,-0.9109405,1.5973481,-2.601348,0.13134514,2.5454087,0.4527014,0.2782868,4.222696,6.5676985,6.9348736,2.4594004,0.64282405,2.4594004,5.087711,-3.4119432,-1.1487288,1.6976559,-0.10793827,-4.0547,2.8050983,6.8878026,1.8101451,-141.68964,-4.586932,2.6681597,2.3533583,3.076953,-7.880719e+36,31,26,0,0,11,2,70,48,19,0,0,0,1,68
75,-7.818082,5.1514997,-23.009323,-9.268076,2.425754,-0.23905373,-8.0331955,-10.565089,-1.6663675,1.3697716,7.502145,4.6007237,2.5945182,1.5095099,-6.076204,1.5095099,10.130579,-3.1524837,-2.3919485,2.315267,3.8917716,-11.665903,-7.682931,-1.7517338,5.2059164,-142.07379,-1.9178364,-10.158108,3.6807094,3.1768672,-7.880719e+36,20,16,0,0,22,2,60,51,46,0,0,0,2,99
76,-2.864398,5.204138,-22.552807,-4.888132,0.8791369,7.133105,-10.620958,-6.821469,-10.193877,-1.1058453,2.2659698,9.8353615,-1.0276276,3.654192,-15.289269,3.654192,7.496422,7.734788,-5.424913,0.72195584,-1.9926087,-12.400081,2.8875687,6.9208302,10.888973,-144.40192,-3.7281706,1.833863,-1.1174767,0.1871812,-4.2160805e+21,16,6,1,0,4,4,31,10,6,0,0,0,3,19
77,-11.575946,-9.12316,-28.75285,-12.012142,-9.159827,7.7264986,-7.4089303,-12.271941,6.816036,-4.562598,-5.3381605,0.37527588,1.1939538,-5.4804516,-9.126957,-5.4804516,11.2752695,-8.466681,-6.449421,-8.188378,-5.0299315,-8.107267,-9.018847,12.801592,5.3382063,-148.38159,8.966941,-7.2386694,-5.5261807,-5.1975007,-7.880719e+36,2,0,19,8,1,1,31,2,0,0,0,0,0,2
78,-2.579228,-9.12316,-29.575039,-7.140824,-9.159799,-1.1894853,-10.078113,-0.47767043,2.3849752,-8.433129,-7.833459,2.7863395,5.213842,-1.8251119,-14.253646,-1.8251119,3.6882048,-6.9238005,-6.9452734,-7.0305686,-5.3871255,-8.665069,1.1951798,2.748728,-0.21220332,-141.31519,0.93036,-11.681288,-9.062637,-7.2469773,-7.880719e+36,1,0,4,2,2,1,10,1,0,0,0,0,0,1
79,-12.829547,-8.628151,-28.276398,-12.422995,-10.300903,7.7378325,-6.6357613,-12.379244,6.8142934,-7.128956,-3.1867712,0.6749257,1.1319999,-5.331254,-16.189077,-5.331254,12.253629,-9.20613,-4.1527715,-9.340665,-6.4303646,-7.7853208,-9.632254,12.543284,5.104187,-156.00018,11.9154215,-7.217972,-5.274991,-4.7476215,-7.880719e+36,1,0,6,0,0,0,7,1,0,0,0,0,0,1
80,5.469001,-8.627569,-20.13108,1.7993354,-9.808368,-4.9986053,1.6025499,7.2989926,-0.31314427,5.57848,9.784864,-3.461225,7.588116,6.0321164,0.1307168,6.0321164,5.5458884,3.5097613,-0.32427755,8.099951,6.919036,0.27773783,4.4092526,-6.570582,-2.6485782,-140.80225,-7.491894,7.2476215,10.051443,7.3434963,-7.880719e+36,4,11,11,0,0,1,27,8,14,0,0,0,0,22
81,-10.140574,6.5897465,-28.753653,-10.383127,2.989062,3.3323157,-8.234445,-9.445925,-12.979303,-3.2401056,-4.981218,-0.33640185,-3.402209,-0.42199045,-9.552641,-0.42199045,10.766233,-8.023209,-5.5739694,-0.8825176,-3.683838,-10.530836,1.0120555,12.628528,5.4723825,-144.62257,8.302254,-7.2074404,-0.9845032,-5.354185,-7.880719e+36,3,0,10,0,1,0,14,2,0,0,0,0,0,2
82,-7.8199215,-5.9008336,-28.276667,-10.877634,-5.6394563,4.6350336,-6.227989,-10.529278,6.4047713,-4.6303535,-5.6088943,1.0800731,1.2473164,-2.1372347,-12.352731,-2.1372347,10.880252,-8.629718,-6.2961307,13.979808,-7.375837,-9.009179,-8.522966,8.405947,5.704791,-144.64282,-3.5449998,-8.441211,-5.54135,-5.5115414,-7.880719e+36,0,4,0,0,0,1,5,0,0,0,0,0,0,0
83,-0.82413334,-3.3033433,105.786934,0.6882585,-3.801208,5.750019,-8.921015,-11.033625,-2.1198094,-11.481971,-5.09154,7.1450562,2.7827153,-2.4804761,-7.6302295,-2.4804761,-11.07673,-6.721324,-9.8887005,-6.6733274,-11.677537,3.1437542,-3.5050733,-0.67100346,9.776345,-136.70776,15.637483,-11.77044,-11.531205,-8.470586,-7.880719e+36,1,0,25,2,0,0,28,1,0,0,0,0,0,1
84,-7.883269,5.1678653,-28.276733,-1.5454874,-2.9439945,3.7904646,-7.842371,-11.969663,7.5083985,-8.641762,-5.468712,-0.42622566,-12.172898,-0.5466727,-8.216192,-0.5466727,-9.335084,-5.2700944,-9.636107,-2.5921254,-3.842576,1.5578052,-5.5982933,12.940992,6.0873594,-150.86765,-0.68602556,-8.809209,-5.41903,-5.677768,-7.880719e+36,5,17,370,30,11,3,436,6,3,0,1,5,0,15
85,-0.8213669,-1.2503582,-22.802784,-5.3529916,-0.58375037,-0.66139334,-1.6900892,-7.0764313,-1.7305121,1.1488701,5.4051027,7.5555406,2.4123893,4.641633,-5.235639,4.641633,6.9950585,9.347324,-1.1155593,0.7801818,-0.18377687,-4.657954,-1.3578497,-2.3664896,3.9816463,-141.5907,-4.1091146,0.14658889,4.813623,4.052575,1.4185293e+38,28,21,1,0,9,4,63,60,33,0,0,0,6,99
86,-12.570928,8.721913,106.180664,1.3214327,3.8591368,2.75868,-4.8816423,-0.13478073,3.108932,-5.68998,2.0309563,3.978408,-6.5919814,-3.865604,-11.053387,-3.865604,-12.225069,-0.64276075,1.7861055,-10.93689,-8.862945,5.217558,-3.6777353,10.635174,3.5881474,-149.92366,13.181464,-3.6931376,-3.1517344,-3.177454,-7.880719e+36,3,24,2,0,9,6,44,6,4,0,0,0,5,15
87,-13.468022,-8.627406,-28.771412,-7.158888,-9.159122,6.462278,-12.303878,0.6068269,3.1483002,-11.011978,-8.142758,2.2982535,7.067112,-5.116084,-14.315068,-5.116084,8.688336,-7.410739,-3.460272,-6.977821,-4.37343,-8.809103,-0.28524527,4.1874523,8.012267,-163.7168,0.42595613,-7.642481,-10.326196,-7.5967774,-7.880719e+36,0,2,0,1,1,0,4,0,0,0,0,0,0,0
88,-11.252331,9.178006,106.38592,-1.4764808,4.0037837,2.9235306,-5.139251,1.1656629,2.4969318,-5.771377,1.2364974,4.2366323,-6.34755,-4.059406,-11.217161,-4.059406,-10.55427,-2.311901,-11.868866,-11.01643,-7.91771,2.9348586,-4.6290507,0.8862133,3.854736,-149.82576,6.927544,-3.434729,-2.9020104,-3.2647166,-7.880719e+36,46,21,1,0,14,20,102,64,27,0,0,0,24,115
89,-1.6740801,-0.013268699,-21.656208,3.523803,-4.5705767,-3.0345366,-1.7543148,-2.882474,-1.9772209,-7.9875445,0.7501988,7.3808765,2.4609005,0.4167501,-4.4764214,0.4167501,-8.656143,9.572826,0.116658084,0.035383165,-6.6656003,3.9000475,-1.8540617,3.7280276,-0.6177606,-161.79016,-0.14811578,-0.221474,-7.6556835,-0.93032867,-5.7774906e+21,0,0,3,1,1,0,5,0,0,0,0,3,0,3
90,-1.0753689,9.566195,-28.779196,-10.289933,4.1141353,9.558003,-10.171344,-3.8411088,-2.5260525,-10.935941,-8.045639,3.7700872,4.9644837,-2.4875317,-14.331139,-2.4875317,4.4499016,-6.3238144,-4.8438587,-7.2015147,-5.946766,-10.037374,0.8649687,0.22719486,9.1078825,-145.27145,15.154938,-0.73659045,-10.627523,-8.135759,1.4185293e+38,2,1,26,1,0,0,30,0,0,0,0,0,0,0
91,-3.7638175,13.601675,-28.783272,-3.8733656,11.701588,-0.7077165,-11.149575,-5.971153,-10.755042,-1.0799348,0.023469673,8.836341,2.8101377,3.5761354,-15.4105835,3.5761354,-4.0925117,8.177976,-1.9279724,-1.5729471,-1.5647928,-12.194605,-1.8590207,-2.7339933,12.530489,-142.67278,6.927643,2.4899669,2.0645657,0.9778285,-4.1072578e+21,4,2,0,0,0,1,7,6,0,0,0,0,1,7
92,-3.1807277,-1.4141684,-28.78568,-4.062095,-0.6124447,3.426206,-4.614433,0.44772333,2.028639,-6.871207,-2.2608724,6.351544,-6.929578,-3.591883,-11.700015,-3.591883,8.513635,-1.2968113,-6.0070224,-11.56823,-9.981713,-9.35694,-1.507974,8.690278,1.9175979,-161.96283,6.9280252,-2.943773,-7.615016,-2.8010118,-7.880719e+36,3,7,1,0,0,2,13,4,4,0,0,0,1,9
93,-9.3664465,-8.267294,-25.066969,-3.8741848,-10.300491,-0.10964985,-8.342087,-10.80318,6.778768,2.1077464,8.633432,0.2698595,-12.200165,5.6957073,-5.98738,5.6957073,9.098247,-4.3840375,-4.166375,7.4106092,5.80673,-10.483177,-0.017827835,-4.014934,6.1012287,-140.99324,-7.246745,-9.701603,7.0456066,-10.760965,-7.880719e+36,12,5,0,0,2,0,19,17,9,0,0,0,0,26
94,-7.7832603,0.6114521,-29.578106,-1.9043248,-4.336605,4.2653933,-7.8748536,-11.731015,7.4645123,-8.766986,-6.6953335,-0.38719222,2.5316653,-6.0139065,-8.693179,-6.0139065,-9.024699,-4.9708185,-9.783368,-6.6138935,-4.407011,1.3239151,-7.7224145,8.478894,6.935628,-150.74763,-0.15819404,-7.73917,-7.2170863,-6.1985254,-7.880719e+36,2,1,44,8,0,1,56,0,2,0,0,0,1,3
95,-4.5773797,6.273544,105.363655,-0.14708832,2.788597,3.8363872,-4.1643744,-4.206596,4.7802033,-3.8140633,-2.4105606,4.9063983,3.3832405,-1.5489863,-12.841527,-1.5489863,-9.700913,-3.054171,-11.477689,-10.292767,-9.081863,1.8734131,-2.4958212,7.6548615,2.139089,-149.19603,4.8761973,-2.7184565,-3.9251637,-2.5813727,-7.880719e+36,2,9,4,0,1,6,22,1,1,0,0,0,3,5
96,-12.669262,12.787911,-29.585016,-1.7985541,6.5084057,3.8829153,-5.3345857,-0.20561107,2.6072664,-3.7811868,-0.3283446,2.586023,3.6930287,-3.7696548,-10.645233,-3.7696548,-10.616481,-2.7298448,-12.280854,-3.4829042,-7.392261,2.4895866,-4.640215,-1.5422331,4.0451355,-150.57315,18.133,-4.9841514,-1.3100638,-3.4967084,-7.880719e+36,2,16,0,0,2,1,21,6,0,0,0,0,1,7
97,4.320646,7.9205356,-22.628998,0.31514508,-12.714229,-3.353022,0.30533707,2.479962,0.44522622,0.24350978,4.2887473,7.289822,6.7926574,1.871671,0.08845821,1.871671,4.859483,0.63971967,-1.0447621,1.7128714,-0.16278768,-3.999345,3.4459946,9.81281,1.2270275,-148.08423,8.207543,4.1652226,2.8703666,2.9172494,-7.880719e+36,2,4,0,0,1,1,8,4,3,0,0,0,1,8
98,-12.034373,5.4437356,105.96572,-8.266351,-2.8881252,4.2832456,-6.0932055,-8.71273,4.420559,-9.421785,-3.2787557,1.4759775,0.45258874,-3.8601768,-13.023836,-3.8601768,10.468899,-0.6922503,-4.4541473,-9.653425,-8.744461,-7.804118,-8.743306,8.855893,2.2848966,-162.64136,21.541801,-4.542418,-6.4094553,-5.71075,-7.880719e+36,0,0,5,0,0,0,5,0,0,0,0,0,0,0
99,0.79119635,2.399682,105.78239,3.4976695,-3.6907432,-3.1822944,-1.7982023,-8.985419,-2.447259,4.2108493,6.086069,8.269048,2.4582393,0.58926433,-4.987066,0.58926433,6.7066503,9.745746,-1.2734274,5.64883,1.2707642,-5.8401756,-0.98977584,3.5313861,-3.9982586,-153.17105,-6.8678384,-10.86048,-0.0030646697,1.7150614,-7.880719e+36,1,1,1,1,0,0,4,2,0,0,0,0,0,2
100,6.153576,4.838403,-21.703794,5.1454806,2.0295315,-6.974371,0.25947198,4.221897,-0.20574155,4.9266195,5.844862,6.238984,-10.110688,6.7773557,2.5181482,6.7773557,-8.183052,1.3138635,-9.4023905,5.775204,3.206084,6.0922966,-2.6985502,2.6640363,-3.0122046,-162.59944,-4.9565997,4.8030825,5.4199624,6.7467356,-7.880719e+36,5,5,0,0,2,4,16,13,5,0,0,0,4,22
101,-4.3554,2.1690905,-23.129698,-1.7798761,0.13012932,1.0823253,-3.8030055,-12.427732,5.6519575,-0.40710413,3.4049098,8.10392,-1.4975034,2.3668664,-11.814787,2.3668664,6.2596188,-2.6116605,-1.2960752,1.3907275,-4.8748956,-3.567336,3.3974998,6.8693686,1.6426543,-164.85556,-3.633843,-1.7692701,1.4166598,2.6570685,-7.880719e+36,11,10,0,0,6,0,27,12,7,0,0,0,0,19
102,-13.403869,9.761319,105.75317,2.7410305,4.1695848,2.4980416,-5.3405147,-8.766403,5.3435087,-6.052271,1.5752068,5.538853,-8.397684,-4.058164,-8.269343,-4.058164,-11.429223,-0.5155919,-11.144518,-10.875252,-8.497429,6.9502287,-4.3203254,10.3461075,3.25868,-153.0767,20.786076,-3.534426,-3.5896702,-3.3806808,-7.880719e+36,6,25,11,1,8,17,68,5,8,0,0,1,8,22
103,11.160007,-8.638084,-16.078218,12.698657,-9.160015,-10.756324,-14.665799,11.15516,-4.3862233,11.128329,15.366114,-7.3276744,-9.12867,-8.840794,6.0464177,-8.840794,-1.9089123,5.70607,4.447099,12.078197,9.21077,12.952311,-6.07185,-9.205274,-8.72874,-164.85939,-11.066828,10.555898,13.581007,12.759944,-7.880719e+36,4,117,5,0,2,4,132,1,39,0,0,0,0,40
104,8.430941,2.5048878,-20.969976,7.074813,0.19985063,-6.060117,3.8180306,7.1521873,-5.531367,6.5305657,10.039954,-5.336851,-5.07919,6.799229,-2.1768906,6.799229,-0.89831734,4.170252,4.6834893,5.1174016,5.531051,9.308154,6.29497,3.6349764,-5.2727747,-147.29926,7.7804384,7.5525527,7.674902,8.079584,-7.880719e+36,1,0,1,0,0,1,3,4,0,0,0,0,1,5
105,6.463928,13.0125,-21.45328,6.3512845,11.7403965,-5.1678786,2.9389796,3.6590426,-5.713765,1.7474855,7.354059,-3.5344172,-10.557173,6.0878067,-0.43753874,6.0878067,6.0369253,3.3450725,0.53846115,3.3346,4.0449038,10.953925,3.5320344,6.75456,-1.1545968,-145.53893,5.8643527,7.2346907,4.077418,4.39625,-7.880719e+36,0,2,4,0,1,0,7,0,0,0,0,0,0,0
106,-7.7685723,14.420016,-25.34909,-8.752221,10.35056,0.11592336,-9.195763,-10.324043,9.464601,0.67288524,4.8047743,2.3409686,-12.199047,4.594939,-6.3406363,4.594939,-3.4933758,-3.5718937,-2.062873,1.8130456,0.373926,-4.716336,-7.495997,-1.3895503,10.27343,-141.8416,-2.085773,-9.689139,4.2280364,4.6750464,-4.7405346e+21,10,12,0,0,6,5,33,33,18,0,0,0,10,61
107,11.912196,-1.3944875,-16.693571,11.663029,-5.102933,-10.737824,-14.30647,11.132153,-4.181632,10.651402,15.36265,-6.744716,9.910183,10.936514,5.454141,10.936514,0.19154702,5.1229615,-8.177457,-14.840979,9.166744,13.044436,-6.053682,-8.42644,-8.869323,-140.91841,-10.812887,10.264142,12.9149685,12.366346,-7.880719e+36,104,661,0,0,20,1,786,147,105,0,0,0,1,253
108,9.962719,0.27982056,-18.821842,8.351919,-0.28214324,10.952207,-14.683367,8.42438,-4.187408,9.420125,14.768987,-7.531004,12.504883,10.507744,6.0783515,10.507744,1.1901056,5.210747,6.5114,10.708896,9.371983,12.236071,9.808508,-8.04534,-8.731585,-164.80275,-10.371152,10.387886,12.317943,11.6637335,-7.880719e+36,1,3,0,0,0,0,4,7,1,0,0,0,0,8
109,8.824905,12.496099,-20.337185,7.88879,11.361126,-5.8067,3.1662152,3.4795177,-5.961286,6.2923155,8.768563,-6.410332,-9.637586,6.148971,1.7963905,6.148971,-7.016147,3.4888885,3.728457,4.5494943,4.717304,5.736973,6.695788,3.7512317,-5.2121572,-144.80807,7.801858,7.530306,4.964856,7.387103,-7.880719e+36,0,8,0,0,7,2,17,0,2,0,0,0,0,2
110,-15.754219,16.031559,-19.578901,11.837206,10.982744,-6.138877,4.2322407,8.714135,-5.0092916,7.398001,11.02719,-5.1870365,11.61491,-9.758661,-2.105919,-9.758661,-0.8842471,3.9514227,5.7922893,-13.622416,6.5789623,8.29864,7.0284925,-5.568354,-5.814779,-154.87871,-6.677231,8.451656,9.026131,9.059841,-7.880719e+36,0,2,0,0,0,0,2,0,4,0,0,0,0,4
111,12.181969,-8.547106,-19.083004,9.126276,-9.6798725,-10.113341,5.4166574,-5.272998,-3.9858992,10.22152,14.935264,11.87595,11.565372,11.100173,5.4394865,11.100173,-0.5622623,4.5860443,6.438661,11.202134,9.774593,9.800049,9.351154,-8.1422825,-8.770458,-147.66139,-10.451638,10.555505,12.9078045,12.180077,-7.880719e+36,153,268,2,0,32,1,456,418,118,0,0,0,0,536
112,7.7546144,-8.548955,-16.735998,7.9268875,-10.302035,-5.488428,3.3126822,4.6318164,-6.801881,6.508693,9.930791,-4.8820853,10.218043,9.515128,-2.4562607,9.515128,0.96324915,2.5105414,4.393282,9.509374,6.685991,9.38437,5.167311,-5.383596,-3.589649,-154.03625,-8.301211,8.099992,10.140877,8.285166,-7.880719e+36,1,0,1,1,1,1,5,1,0,0,0,0,0,1
113,7.761567,4.390198,-32.802685,7.292902,0.6497525,-9.811109,-14.866568,8.546663,11.354344,8.660896,11.707493,-7.1562204,10.738749,9.318056,6.300311,9.318056,-0.4997634,4.4908223,5.7780876,8.901526,8.335523,10.728988,8.622841,-6.6635714,-6.1336756,-160.82082,-7.667465,9.667552,10.677716,9.843226,-7.880719e+36,0,0,0,0,1,0,1,0,0,0,0,0,0,0
114,-1.8069876,7.9430056,-24.97815,-6.33418,3.5694916,-2.8397245,-12.642204,0.6933672,-11.099652,-8.237894,-7.7393475,5.0133324,-3.4258988,3.4179766,-14.8769,3.4179766,3.9950902,-4.365551,-7.052324,-7.3867917,-2.1935248,-10.471755,0.77507144,0.84629977,-1.0558362,-137.25047,1.2944611,-0.35075837,-9.724765,-0.16199513,-3.3490115e+21,7,2,2,4,2,1,18,6,1,0,0,0,1,8
115,-4.964917,8.275912,105.54011,2.725679,3.6937685,4.1400766,-4.3018208,1.4551468,2.177225,-5.482088,1.563229,6.516997,-6.5376377,-3.4713686,-11.341422,-3.4713686,-11.712449,-2.9324749,-12.306064,-11.523545,-8.6285925,4.5510454,-3.052871,7.3359876,1.9649013,-151.6754,4.880352,-3.291085,-2.5877986,-2.9327219,-7.880719e+36,63,84,45,1,33,31,257,109,58,0,2,0,34,203
116,11.598812,-4.6679416,-16.459383,12.6804495,-0.797596,-10.721251,-14.374614,11.261493,-3.7966118,-14.114137,15.657287,-7.250679,-2.52876,11.6478195,5.5640674,11.6478195,-1.7217699,5.8231373,4.095768,12.190317,10.361498,13.0153475,-6.0537367,-9.451712,-8.875041,-137.20325,-11.40812,11.328165,13.905607,12.814893,-7.880719e+36,160,285,0,0,20,1,466,371,155,0,0,0,0,526
117,-13.8143015,8.798555,-29.120367,3.1003685,3.8836756,3.3231363,-4.5289993,1.0273653,2.229527,-5.6140833,1.6385341,6.509081,-6.499616,-3.7573037,-11.365789,-3.7573037,-11.7550745,-2.6456492,-3.916963,-11.396801,-9.684913,4.974484,-3.239184,9.41703,2.0998423,-152.08997,3.3432202,-3.5426328,-3.4816895,-3.02114,-7.880719e+36,24,26,1,0,7,5,63,26,12,0,0,1,4,43
118,12.041734,-5.3610783,-19.168062,9.51912,-0.87318486,-9.454114,-2.817527,10.151511,8.603054,10.12353,14.847982,11.842534,11.2797365,-8.547217,-19.605652,-8.547217,-0.566867,4.545171,6.3706756,11.571416,10.030188,9.842057,7.088943,-8.208529,-8.588872,-152.57578,-10.609896,11.112471,13.181562,12.058063,-7.880719e+36,47,75,1,1,12,3,139,94,22,0,0,0,2,118
119,10.392803,-9.142599,-16.478508,10.944619,-10.301302,-10.712622,-2.8146925,9.79845,-4.406209,9.34335,14.768992,-4.3127985,-4.4173026,10.337565,-19.530485,10.337565,0.85959077,4.963627,5.8882027,10.730095,9.63135,12.320122,9.408881,-7.64538,-7.563528,-155.97472,-9.380942,10.313472,12.38141,11.367194,-7.880719e+36,5,51,1,0,2,5,64,1,21,0,0,0,2,24
120,5.355454,-9.123102,-31.654476,5.3914194,-9.160297,-3.9918063,1.1441035,2.4366043,0.39916167,1.314553,5.1498413,-3.3336465,4.7220354,5.49657,0.18498243,5.49657,4.911912,1.2389551,-0.36065468,3.113947,3.5526094,-1.5758746,4.266945,6.2663646,0.4021305,-147.8499,5.8641086,4.136174,3.601775,3.8926954,-7.880719e+36,0,1,0,0,0,0,1,0,0,0,0,0,0,0
121,-3.8784668,0.48642647,-25.303173,-8.432872,-0.24127494,-0.59832096,-9.588771,-6.3799667,9.373041,-0.40642765,3.5644245,-0.5637005,2.5556679,4.1266723,-7.465609,4.1266723,-2.7187297,8.250283,-1.8542377,-0.60982895,-0.6300537,-5.3574953,-6.8799295,-2.7056985,11.284858,-141.78394,-3.8652813,1.3539134,2.290696,0.5424296,-5.4496916e+21,10,6,0,0,8,3,27,28,6,0,0,0,16,50
122,9.87651,1.0587764,-19.051962,9.401104,-0.12170947,-9.343798,-6.21145,9.167947,12.113937,9.433915,13.262872,-7.20245,-2.2179334,8.644285,5.9800234,8.644285,1.2179174,4.893349,6.212907,10.894806,9.825437,10.452055,9.326975,-7.961677,-8.309358,-139.66069,-10.429038,11.171713,12.494796,11.235514,-7.880719e+36,0,53,0,0,2,0,55,0,2,0,0,0,0,2
123,-13.089138,-9.142587,106.48702,-0.14785054,-9.8384,6.2456617,-12.236807,0.52583504,-2.9697487,-10.579472,-7.1434717,2.2974296,6.398285,-0.1595869,-13.952457,-0.1595869,9.107162,-8.0134735,-2.6509917,-5.064678,-4.1493983,-11.024004,-0.7404831,4.329681,7.990345,-143.78796,0.5060832,-8.706974,-6.3069606,-7.4448767,-3.6764874e+21,1,0,1,0,0,0,2,1,0,0,0,0,0,1
124,-10.434052,7.401872,-29.071783,-10.42364,4.69182,1.4343108,-12.282295,-3.1818721,-13.2422285,-4.3889947,-4.205922,1.8631216,-3.4257395,-6.110626,-9.737765,-6.110626,11.066577,-8.535534,-6.6436324,-7.9551635,-3.484837,-9.01182,-0.053419482,12.476469,5.1787133,-156.23965,11.915423,-6.414688,-5.188561,-5.1822286,-7.880719e+36,0,0,4,0,0,0,4,0,0,0,0,0,0,0
125,8.148892,16.080427,-16.91968,8.064914,10.073187,-9.434977,-2.7026615,6.4352136,-8.263837,5.763627,9.413049,-5.005437,-5.5781703,9.642641,-19.077679,9.642641,-0.57367533,4.666791,4.6183405,8.197266,7.8031054,7.6248484,8.534842,-4.3880076,-5.284122,-142.96318,-6.9291596,7.9288483,9.201545,8.262762,-3.3294417e+21,0,0,1,0,0,0,1,0,0,0,0,0,0,0
126,4.907298,12.843391,-23.573618,5.525153,11.455154,-4.832053,1.6773103,1.8050444,0.4030973,1.6850367,7.4752545,-3.1206224,-9.382871,5.4009194,-0.9950575,5.4009194,5.173053,1.7572902,1.198545,2.982584,3.874778,-0.66616625,4.100064,6.3044124,-0.15679273,-160.85382,5.8641047,4.2928934,3.7750924,3.9530604,-7.880719e+36,1,1,0,0,0,0,2,0,0,0,0,0,0,0
127,10.683666,-9.14259,-16.198347,12.901453,-9.81838,-10.936383,-14.705203,11.189761,-4.3438845,11.08432,15.093239,-7.0811553,-9.501817,10.921014,6.0664163,10.921014,-2.0279791,4.6281557,3.7830458,12.051637,8.9372635,12.999748,-6.0848603,-8.973415,-8.776109,-164.80678,-10.8843975,10.373583,13.237153,-11.981114,-7.880719e+36,1,24,0,0,2,0,27,0,7,0,0,1,0,8
128,5.1672416,16.66981,-23.495638,1.866851,9.89218,-4.524995,1.4326502,2.6397982,0.383343,0.88119596,4.811008,-2.4565535,-9.201686,5.554429,0.16233186,5.554429,5.740422,2.168057,0.5064077,2.8126333,3.9071422,-1.5570364,3.9922435,7.476266,-0.39470533,-155.38663,-0.8333319,4.432093,3.5061266,3.9248264,-7.880719e+36,3,12,0,0,2,2,19,7,5,0,0,0,2,14
129,-5.426727,3.1811981,-25.033493,2.5113335,0.36304197,-1.9094391,-3.9603271,-11.582002,5.723496,-0.71936536,2.789466,7.3425393,-1.5190394,1.4431913,-11.799317,1.4431913,6.5973296,-2.6888678,-1.6425843,0.047453545,-4.8655214,-4.8301125,3.4364107,7.938335,1.9722017,-160.71965,-1.8744714,-2.4356995,1.2730104,2.3452861,-7.880719e+36,41,55,0,0,9,0,105,122,65,0,0,2,0,189
130,9.324309,1.3879528,-16.875496,9.158852,-0.043354616,-10.037608,4.4845095,8.446996,11.281986,7.9438033,11.382185,-7.051861,-5.2300873,9.101139,-17.400902,9.101139,-0.43954378,4.717173,5.600887,8.996464,7.5296264,10.487429,8.074825,-6.555744,-5.8922825,-148.10443,-8.374033,8.309626,10.36459,9.628023,-7.880719e+36,3,1,0,0,1,0,5,4,0,0,0,0,0,4
131,-6.4911356,7.552439,106.075325,-12.238172,3.4076147,2.625488,-5.7726574,-0.16454989,3.8605905,-2.4570718,-2.1024516,6.520973,-6.286613,-4.226308,-12.259294,-4.226308,11.876856,-0.89318335,-4.6514096,-11.369131,-9.555287,-7.785199,-9.6415,9.914621,2.6531613,-160.07176,4.876916,-4.208,-3.194564,-3.1499946,-7.880719e+36,12,16,4,0,1,4,37,5,5,0,0,0,6,16
132,-1.7119796,13.512974,-21.662188,1.6729794,11.828651,-1.7733233,-0.6067935,-6.2080636,1.1369532,0.77084595,5.5131583,-1.608386,0.96416855,1.8346646,0.22346736,1.8346646,6.582379,8.403583,-3.3823354,4.2701716,-1.1762713,-6.2680445,3.5020347,5.752533,0.81817406,-143.25372,-5.2905145,0.38963088,1.7574837,2.945857,-7.880719e+36,0,0,0,0,1,0,1,0,0,0,0,0,0,0
133,-2.7165847,15.402132,-22.547506,-6.591599,11.528932,-0.798171,-3.939392,-2.547204,-10.199739,-1.1028075,0.4956543,9.846581,2.5867224,3.6363719,0.8188155,3.6363719,4.8230076,7.8963585,-5.5994635,-0.010273052,-2.2063649,-12.257274,2.917896,6.3391156,10.896025,-142.53365,-2.1579032,1.5976926,-3.0797014,0.14099462,-4.4181703e+21,55,78,1,0,17,17,168,50,64,0,0,1,14,129
134,-10.59127,13.464681,-28.760315,-6.6657023,6.641191,-11.791959,-10.856299,-1.1255093,2.922374,-3.8917139,-1.3324736,2.4182599,4.0429845,-1.6796689,-10.875958,-1.6796689,-10.2951975,-3.2725904,-12.189361,-4.198412,-7.1601486,2.7219152,-4.932004,-1.5555085,13.801142,-150.33676,12.756159,-8.776923,-1.3005271,-1.4597952,-7.880719e+36,7,6,0,0,2,0,15,4,4,0,0,0,0,8
135,6.984473,-9.142587,-20.529581,6.1475663,-9.661834,-4.2365656,-0.55942285,4.4287357,-0.31094047,7.245343,10.886294,-6.258736,6.99291,7.581788,-3.9162712,7.581788,-7.358145,1.2976358,3.1326659,7.699959,5.8867908,4.7321978,6.01593,-5.030113,-3.7169793,-148.32819,-7.6120853,3.0405715,9.419809,8.524648,-7.880719e+36,2,0,1,0,0,0,3,3,0,0,0,0,0,3
136,-5.099312,-1.8925936,-28.761244,-5.5564694,-5.2631874,3.5632546,-4.268044,-3.4793997,4.721804,-6.4965916,-6.4322953,6.3901644,1.5972813,-3.8242524,-12.141875,-3.8242524,8.539571,-2.9410596,-6.038377,-11.459009,-9.593847,-9.947259,-6.736942,8.763013,2.1300478,-160.97208,12.756674,-2.256078,-3.7911086,-2.945851,-7.880719e+36,7,13,2,0,4,6,32,11,1,0,0,0,6,18
137,11.19916,-9.142586,-16.429955,8.173278,-9.159076,-7.5263534,2.2817323,5.6937995,-4.690128,9.239012,13.824654,-5.1519804,-5.2021866,-8.731014,5.701885,-8.731014,-1.5772488,1.9739958,4.178494,10.870021,8.675434,11.62224,9.876342,-7.7387276,-8.188056,-137.13585,-10.196176,9.77122,12.541625,11.249311,-7.880719e+36,0,5,0,0,0,0,5,0,0,0,0,0,0,0
138,10.975451,-0.094196536,-16.65961,11.970225,-0.35818195,-10.622839,-2.719964,8.682163,12.1147995,9.377261,14.64107,-7.181315,-5.193119,10.2649,-18.980474,10.2649,0.029423427,5.438375,5.8521824,10.995473,9.794722,12.95931,9.353243,-8.514027,-7.569901,-147.23676,-9.492197,9.959394,12.4767275,11.401576,-7.880719e+36,2,8,0,0,0,1,11,8,1,0,0,0,1,10
139,9.795825,-8.627396,-16.824839,11.569987,-9.159134,10.695448,3.896272,8.152798,12.101266,8.999733,14.338106,-7.122256,10.578052,9.483935,-2.5770235,9.483935,-0.6049034,5.118178,5.4137077,10.642869,9.143074,12.883214,8.334883,-7.379126,-7.332705,-147.96443,-9.576319,9.591877,12.204721,11.140844,-7.880719e+36,1,2,4,0,0,0,7,0,2,0,0,0,0,2
140,11.949487,11.63494,-16.940248,10.072145,5.9407535,-6.659925,-2.7587621,5.73304,-6.5796986,10.121687,13.845883,-5.068111,-4.458691,-8.072402,-19.060349,-8.072402,3.2993875,1.7332438,5.279824,11.794292,10.568595,9.361593,8.635313,-9.235964,-7.5272202,-153.21393,-10.741404,11.416628,13.303352,11.743318,-7.880719e+36,0,0,1,1,0,0,2,0,0,0,1,0,0,1
141,-10.027994,9.915987,-28.27656,-11.8342285,11.874531,1.0745697,-8.259123,-12.2818165,-1.5808039,2.5475,7.6614285,0.952886,-12.143572,4.8604665,-6.2117057,4.8604665,10.261557,-1.8977838,-2.7891963,4.693043,1.7283968,-10.09504,-7.9360986,-2.083741,6.0171385,-141.7155,-5.1077986,-8.184787,7.6264243,4.7896643,-7.880719e+36,2,6,0,0,0,0,8,8,10,0,0,0,0,18
142,-2.4404354,0.23263529,105.26061,-0.29106417,-4.474458,-2.735615,-2.2317872,-11.209418,5.40554,-8.07432,1.086797,7.810555,0.17462043,-0.22205207,-11.036333,-0.22205207,-9.28377,-4.600602,-9.975973,-7.6873,-10.2634325,1.9677248,-2.826058,3.7515924,-0.17147988,-144.58539,0.4887755,-0.85765696,-8.677555,-7.1426125,-7.880719e+36,1,0,1,0,0,1,3,0,0,0,0,0,1,1
143,8.982189,0.5703643,-32.059048,7.336833,-0.22470576,-8.055574,-14.901847,-15.785939,-4.7287445,8.00461,11.422452,-5.5075717,-5.201194,8.538702,6.3457527,8.538702,-0.82174784,4.5917873,-13.988584,8.125589,7.2813573,10.308996,8.362459,1.6362969,-6.2945347,-161.67023,-7.7663345,9.277916,9.926843,9.6020355,-7.880719e+36,1,0,0,0,1,0,2,0,0,0,0,0,0,0
144,5.7193265,-8.627387,-21.00802,6.180555,14.164349,-3.9224384,-0.41458866,4.167993,-0.16919757,5.842186,6.475656,5.9428406,7.0623097,7.3097,2.5674357,7.3097,-8.197284,1.219426,-9.468307,7.466623,1.9867187,6.141152,-2.7904792,-4.9257636,-3.3564434,-144.97777,-6.6445975,3.080247,9.307483,7.3288984,-7.880719e+36,0,1,0,0,0,1,2,0,1,0,0,0,3,4
145,1.7363125,6.1079407,-21.45789,-2.7934833,2.5155113,-2.8121831,-1.2216243,-9.021318,5.8199396,0.25271842,4.334517,3.5838811,0.5840789,1.8905863,-4.1107717,1.8905863,6.4058347,7.7967935,-0.74676734,1.2408603,-0.22572191,-2.7888176,4.0367126,9.928765,2.5559306,-141.47954,-4.3975506,-0.6588776,3.0942907,2.8425481,-7.880719e+36,13,21,1,0,5,2,42,55,42,0,0,0,5,102
146,0.86676776,-1.2483176,-21.676285,5.6638374,-5.0518403,-1.1802562,-1.4038626,-7.0316358,-1.2315811,3.6958578,6.6805735,-1.6234068,2.3762865,2.703378,-4.5642858,2.703378,-9.268217,9.565581,-9.306968,5.0132933,1.329212,5.314557,7.0531263,5.7182717,0.27242252,-161.99187,-2.9865136,1.8035042,-0.2225951,5.5613613,1.4185293e+38,19,10,3,0,6,5,43,24,10,0,0,1,4,39
147,-0.6915265,-3.3072398,105.94747,-2.0578728,-4.0262566,5.500114,-7.6947026,-11.1961,-1.9891212,-11.3180065,-7.85956,3.3254678,2.6602411,-3.358466,-8.2433605,-3.358466,-10.163852,-6.1085258,-9.838876,-6.8523517,-11.420941,3.668844,-3.7945354,-0.5174367,9.406796,-137.6302,15.678704,-10.786354,-10.972789,-8.231941,-7.880719e+36,4,5,5,2,2,1,19,2,1,0,0,0,1,4
148,-11.371457,-9.084432,-29.575144,-10.404224,-9.659554,6.030867,-11.775536,-3.3375354,-9.763325,-9.330975,-5.193443,1.2502967,1.9248481,-2.3072696,-13.47638,-2.3072696,-3.183089,-8.600289,-5.178602,-8.259651,-6.284117,-9.37465,-7.2697115,8.61759,6.9261055,-142.3283,11.953241,-7.0902596,-6.778316,-6.135403,-7.880719e+36,0,1,14,1,0,0,16,0,0,0,0,0,0,0
149,-10.130207,10.5135145,-29.57509,-11.401919,5.621474,1.8522389,-9.369613,-9.991212,9.955789,-0.90329933,2.7088327,-0.054306448,-1.2487215,3.598064,-6.3004966,3.598064,-4.0727787,-7.048744,-2.463124,0.3960403,-1.1847345,-10.476038,-5.468022,-2.230539,12.568338,-141.7002,8.684884,-5.873648,1.4331379,0.9762212,-4.1221602e+21,1,0,0,0,0,0,1,0,0,0,0,0,0,0
150,-13.351956,-8.503369,-29.575077,-3.231817,14.421475,1.87502,-9.822598,-12.745851,5.827208,-7.132766,-2.9549315,5.262242,-8.424311,-4.4449024,-16.900415,-4.4449024,-5.7088284,-0.6008572,9.831822,-11.052808,-8.815169,15.128092,-10.421542,10.594416,3.5225523,-140.71597,2.8009412,-4.156912,-3.3856163,-3.8577714,-7.880719e+36,7,27,8,1,5,16,64,1,8,0,0,0,12,21
151,11.950161,-0.7062389,-16.832743,10.702597,-4.8528643,-10.456551,-2.7980764,10.131459,8.594988,8.451148,14.675358,-7.389793,-3.1138532,10.40713,-19.355013,10.40713,-0.5978451,4.9613214,6.809081,10.196309,8.975989,12.307646,9.808418,-7.5797653,-8.522548,-147.24704,-9.281175,10.137851,11.320381,11.203912,-7.880719e+36,90,630,4,2,10,5,741,116,149,0,2,0,2,269
152,5.6693196,-6.162013,-29.065561,2.3332956,-5.694831,-5.006559,-0.6955287,-6.1763206,-1.6070503,2.365739,8.111844,8.411709,-1.619906,2.0325572,-4.243789,2.0325572,7.216693,8.700413,-0.08745179,3.467493,2.9948924,-3.5686219,-1.399447,-3.013905,-1.8525155,-141.0419,-1.8963805,5.7250257,7.5327034,4.170842,-7.880719e+36,10,12,0,0,5,5,32,16,21,0,0,0,6,43
153,-0.5052548,3.9284425,106.02781,0.879167,-3.1579697,4.658296,-7.7448425,-4.4251347,-1.8445146,-11.677864,-5.700526,3.1379876,3.0109522,-2.3435135,-6.880796,-2.3435135,-11.605909,-6.4387336,-10.045281,-5.6820035,-11.405813,5.237643,-3.504212,-0.45625812,9.278152,-151.20392,1.4624826,-0.9726068,-10.884584,-8.165341,-7.880719e+36,27,62,506,60,38,51,744,14,0,3,22,0,36,75
154,-2.529336,-7.5884414,-29.06522,-5.399016,-9.158991,0.6173538,-12.170607,0.3252895,-1.594137,-9.202705,-7.5165124,2.9123328,5.593538,-1.3078892,-14.39988,-1.3078892,3.589766,-6.877076,-6.4569097,-5.518394,-4.4431925,-9.130307,1.5643177,0.69202906,8.306374,-141.92725,15.094899,-11.87079,-6.5085154,-7.2954946,-9.591843e+21,3,0,7,1,0,1,12,2,0,0,0,0,1,3
155,-12.792799,-7.5884414,-29.574793,-12.353933,-9.158989,7.5777273,-7.15829,-12.325767,6.732658,-4.9407325,-4.2288284,0.6391603,0.9769694,-5.3014555,-9.165934,-5.3014555,11.296836,-8.518622,-5.7497363,-8.575183,-5.918561,-7.8459997,-9.155859,12.788766,5.614406,-155.09134,8.922397,-7.2111793,-5.8558254,-5.155761,-7.880719e+36,4,36,332,59,11,8,450,0,1,0,26,0,2,29
156,-11.990895,13.3236265,-29.06522,-11.468484,6.6199713,3.516564,-5.999508,-7.5910254,-9.015121,-3.7342656,-0.83130056,1.5645503,1.0175996,-4.1316104,-10.16609,-4.1316104,-2.9444284,-2.346544,-7.1443954,-3.3162081,-7.8979554,-10.18336,-0.26689973,-1.3089483,1.6436964,-144.04243,3.9428933,-4.9431796,-2.2760646,-2.226145,1.4185293e+38,6,13,0,0,24,2,45,7,10,0,0,0,2,19
157,1.9323816,-3.324466,107.30615,4.1372123,-11.710121,0.26788083,-10.791199,7.105776,-3.304301,3.1806653,6.713656,5.3779893,-6.422576,4.8620605,-7.257502,4.8620605,2.3444977,-7.4739747,1.2210362,4.2929735,10.969155,11.026797,-1.042092,2.3599691,13.860836,9856.274,-11.862511,5.822783,5.3505864,5.280707,-3.6416715e+21,0,1,23,2,0,1,27,0,0,0,0,0,1,1
158,6.358565,16.539167,-21.177742,7.376302,9.939786,-5.2505393,2.6064146,4.1408706,-5.5243583,3.425606,4.8089166,-3.5230165,-10.511873,6.0990186,1.6991671,6.0990186,-7.5089264,2.8349438,1.9489685,2.928371,3.787817,5.3511662,6.4069166,7.5555525,-1.4511734,-144.64774,5.8641014,6.658465,3.7415934,5.8761826,-7.880719e+36,0,3,0,0,2,1,6,0,0,0,0,0,6,6
159,3.8271453,3.811968,-24.615572,0.13724938,1.8881432,-3.386218,0.26749247,2.4839468,0.32932296,0.35528114,4.303772,7.1499696,7.061842,2.3341968,-0.10890455,2.3341968,4.7231483,0.8607742,-1.076756,2.1174119,3.250686,-4.0337887,3.5305395,9.212133,1.0477659,-148.25685,8.357102,3.238276,2.8025393,3.129178,-7.880719e+36,37,28,0,2,7,6,80,78,16,0,1,0,6,101
160,-12.42786,11.25693,-28.27601,-1.4707392,5.9213147,3.3647656,-5.2629094,-10.596398,4.581634,-5.886508,1.3831663,1.9119214,0.54175335,-4.684486,-11.166731,-4.684486,-12.114011,-0.59508824,1.7850721,-9.979056,-8.403356,4.3337855,-3.7822618,11.4152,4.5648794,-152.07004,2.8007557,-7.264337,-4.572415,-3.842851,-7.880719e+36,4,31,62,23,12,10,142,0,6,7,2,0,2,17
161,-9.464664,13.413499,-29.574745,-9.923496,6.6335406,3.1875734,-10.688357,-1.884105,2.7336733,-4.0738616,-1.6289285,2.6928675,3.6539788,-0.57324207,-10.251725,-0.57324207,-9.59833,6.6556416,-12.095439,-2.5307457,-2.26371,1.2044877,0.5270294,11.288157,-10.8809805,-150.11806,13.121914,-6.195328,-1.2812089,-1.6312144,-7.880719e+36,1,0,1,0,0,0,2,1,0,0,0,0,0,1
162,-6.641913,-7.5884414,-29.574745,-3.543808,-9.639571,2.0872831,-9.826239,0.62691903,3.3446271,-7.1297793,-2.926598,4.23046,-7.63314,-3.8175106,-16.900837,-3.8175106,-5.712378,-0.6420118,9.83288,-11.064904,-9.625613,15.140191,-10.468482,10.803135,3.4879084,-143.57541,3.342461,-4.3151174,-3.4198163,-4.0077834,-7.880719e+36,6,13,6,0,3,9,37,9,5,0,0,0,4,18
163,-2.1200683,5.5933943,-28.274734,-8.661389,-2.8596866,1.2759327,-7.3881884,-1.5233234,2.2343159,-10.305095,-6.4428177,3.7864184,5.3871694,-3.415033,-7.6697187,-3.415033,7.4937377,-6.061425,-4.7049108,-7.5623016,-10.467171,-8.791715,0.15315391,3.3610933,-0.057463083,-162.6877,0.26163056,-9.876447,-10.026697,-7.9983773,-7.880719e+36,0,0,1,0,0,1,2,0,0,0,0,0,0,0
164,-13.395441,-7.5884414,107.0745,-3.4460669,-9.657765,1.8735257,-9.836368,-8.095195,5.502525,-7.135364,-2.9832623,4.6743193,-8.014551,-4.2979064,-16.900848,-4.2979064,-5.709524,-0.5893805,9.832424,-10.964232,-9.067973,15.142962,-10.437531,10.695338,3.5177624,-140.71616,4.8732204,-4.392194,-3.4817078,-3.8713088,-7.880719e+36,2,35,59,20,18,2,136,1,2,1,68,0,1,73
165,-6.2143254,7.5311813,105.75657,-3.3565178,3.3993056,3.0919366,-5.119908,0.765104,2.4344685,-3.671255,-1.7727728,6.498538,-6.6633186,0.50681293,-12.147757,0.50681293,-8.998071,-2.2929516,-11.511055,-12.010749,-7.9514365,1.739802,-0.43618286,9.299467,2.42303,-155.09862,4.225632,-3.2479515,-2.4713306,-2.0031264,-7.880719e+36,8,14,8,0,8,8,46,7,11,0,0,0,5,23
166,-7.493815,3.3403616,-28.274734,-8.18568,-3.3987226,6.977119,-8.490958,-11.832351,7.5909705,-10.3317,-6.8061643,-0.43942085,-1.4822623,-6.2895265,-7.0864244,-6.2895265,10.835413,-5.0446243,-2.598891,-3.7422934,-3.551076,-6.861706,0.7837947,5.911083,6.8855944,-142.62204,0.07547479,-5.9627113,-6.8964,-6.315258,-7.880719e+36,1,0,26,1,0,0,28,1,0,0,0,0,0,1
167,-9.223857,13.332263,-28.274734,-6.0758815,6.621316,7.777927,-12.316827,-1.8134547,-13.28861,-4.259753,-2.9494462,2.1544983,-3.3745997,-5.2799983,-13.349033,-5.2799983,-11.785186,-6.754223,8.154364,-4.530068,-3.1227398,4.551318,-3.9186838,11.988349,4.989021,-151.73643,-0.40796238,-6.046199,-4.6562667,-4.7228856,-7.880719e+36,1,0,0,0,0,0,1,1,0,0,0,0,0,1
168,-5.1746874,6.9792714,106.09218,-1.3346269,3.167407,6.418765,-4.0399394,-9.664491,-10.073364,-7.765154,-3.9387758,5.176022,2.4819996,3.6114256,-11.417751,3.6114256,-9.58072,8.534389,-10.521258,-5.890174,-7.912246,2.985054,-3.2545583,5.955953,-1.076762,-151.23116,8.963113,-11.266171,-8.508268,0.023302052,-7.880719e+36,2,3,242,51,12,5,315,1,0,0,9,0,1,11
169,-6.6752834,5.4193406,106.35955,-12.260773,-2.8931787,3.072633,-5.9193387,-1.4760919,3.1015508,-6.917775,-2.230223,4.093426,-6.985434,-4.1859236,-12.827485,-4.1859236,11.612141,-0.7745111,-4.598103,-10.421643,-9.282335,-7.785465,-0.13443436,10.0520115,2.895112,-155.02472,6.926685,-4.234149,-3.8930888,-3.969913,-7.880719e+36,0,3,2,0,0,3,8,0,1,0,0,0,2,3
170,-12.319354,6.794675,-28.274734,-1.7573696,-12.696143,2.8957195,-5.2707734,-3.8877852,3.7605586,-5.8298664,1.4824033,1.9095588,-8.069958,-4.594161,-10.723118,-4.594161,-12.038818,-0.620665,8.161959,-10.332908,-8.706443,4.1500025,-3.905825,11.402653,4.3228188,-163.65459,3.9333165,-6.6874576,-4.143403,-3.769023,-7.880719e+36,0,1,2,0,1,2,6,0,0,0,0,0,2,2
171,-13.092211,-8.274736,-28.274734,-12.008984,-9.159718,2.419806,-6.3981934,-1.0058105,3.337144,-7.1415286,-2.494718,2.212621,-7.5493994,-4.7946568,-8.900414,-4.7946568,12.354105,-0.64779294,-4.172847,-10.557264,-9.408704,-7.7853208,-10.01922,10.825004,4.0982513,-163.82048,9.919899,-4.481695,-3.7904017,-4.108957,-7.880719e+36,0,3,1,0,1,3,8,0,2,0,0,0,8,10
172,-1.4960456,0.42071074,-28.274734,-9.015362,-4.407159,0.6257312,-11.8601055,0.09943937,2.679068,-10.568348,-7.8734126,3.744071,-6.80119,-3.280179,-15.010813,-3.280179,8.3869,-6.849609,-5.061978,-6.379953,-4.9259753,-8.519374,0.82347786,0.262119,8.818333,-145.07762,14.956266,-10.662068,-10.741472,-7.7637725,1.4185293e+38,9,0,7,1,1,1,19,3,0,0,0,0,1,4
173,-2.8953805,5.0122857,-24.188509,-3.124069,0.82209235,5.4942017,-3.977049,0.6431233,1.5667504,-2.9721847,-1.7061863,6.2721577,5.3312583,0.48627198,-11.698378,0.48627198,3.7668164,-2.3617964,-7.500834,-0.77881825,-7.2700005,-12.278366,-1.8469787,7.748958,1.3647918,-145.29184,-2.6030223,1.6657294,-7.706789,-1.0824268,-7.880719e+36,117,120,18,1,38,60,354,146,82,0,0,0,83,311
174,-10.812935,5.9908323,-25.322092,-10.260993,2.5028462,7.6970444,-8.482547,-9.408613,-12.141039,-2.9512165,-0.094552726,0.7758438,-3.332342,-0.47346985,-7.558928,-0.47346985,-9.341109,-4.3897653,-10.553724,-0.102086596,-3.5178883,3.3685338,1.4250559,11.202391,5.4293866,-150.59128,-0.4871104,-6.844769,-0.62777764,-4.7308955,-7.880719e+36,2,12,90,34,17,12,167,4,1,15,20,1,3,44
175,-7.1037807,-7.5884414,-28.740467,-4.6203036,-10.300227,6.696292,-7.648824,-11.458147,6.6907163,-8.85907,-3.7405236,0.7650965,2.3639872,-1.4656522,-8.752857,-1.4656522,-9.919091,-8.144585,-10.631972,-6.453042,-4.240984,2.14343,-5.181704,4.783838,7.1725826,-151.1734,1.0950202,-6.5342383,-9.813071,-6.736014,-7.880719e+36,16,66,442,202,29,37,792,14,0,13,133,0,17,177
176,-6.7961564,5.546647,105.96595,-4.1879153,-2.8688197,4.4931335,-10.493297,-3.82857,3.4183576,-9.269321,-5.144834,1.9754834,1.5082161,-3.1231973,-13.071457,-3.1231973,9.28511,-5.4286323,-5.4381166,-8.529939,-7.4845905,-9.634463,-1.9491149,8.225713,1.2892772,-143.57431,8.130713,-4.9952836,-7.073371,-6.188454,-7.880719e+36,0,0,3,1,1,0,5,0,0,0,0,1,0,1
177,-3.8394737,9.29802,-28.749655,-11.520026,4.0377436,-7.9597907,-7.424222,-10.5568695,6.0240436,-10.793299,-7.825021,1.8448786,-1.3118943,-3.5687635,-9.258944,-3.5687635,7.428191,-5.726406,-2.853673,-7.2480865,-10.432765,-9.925387,-9.04278,0.06545663,9.054775,-155.42421,15.106526,-1.7001913,-10.785138,-7.872021,-7.880719e+36,2,1,13,6,3,2,27,0,0,0,0,0,2,2
178,-8.334314,12.56213,-25.359783,-4.3715677,11.766998,-0.5405536,-9.676215,-7.246455,9.625827,3.528587,6.9983544,-0.3761398,3.4395213,3.901873,-15.573809,3.901873,-4.5734854,-4.011814,-10.476663,0.93777895,-0.74024016,0.8777075,1.4173577,-3.0958965,12.387852,-143.32631,2.184412,0.81494665,4.9714403,0.9224983,-5.002621e+21,35,51,1,0,59,2,148,106,72,0,0,0,7,185
179,-5.8630905,-8.275314,-29.57468,-9.713628,-10.300231,-0.9337505,-7.4411707,-11.52957,6.4365253,-9.982347,-5.734694,5.436906,-0.62369895,-1.7511488,-9.428718,-1.7511488,9.802114,-5.4561577,-4.832137,-7.2798033,-5.6417513,-8.892202,-7.273872,4.723272,7.720482,-143.26897,-0.14964423,-11.42319,-9.038039,-7.0236278,-7.880719e+36,8,16,40,38,3,11,116,4,3,0,9,0,6,22
180,-9.056627,5.1848044,-25.155632,-4.218053,11.964935,-0.21255158,-8.646117,-10.854518,-1.6531979,7.5826387,11.62054,-0.31495735,8.394851,7.5515785,-6.1533995,7.5515785,9.084006,10.864097,-5.7472982,8.217604,0.68817204,-10.318907,1.154072,-4.212264,6.174748,-140.93703,-8.256224,1.0185878,6.886204,8.668587,-7.880719e+36,33,25,0,1,33,8,100,79,43,0,0,5,11,138
181,0.43917018,-1.5927802,105.26392,-0.61110693,-5.1693783,0.6251804,-9.657766,-7.803055,-1.730905,4.0006104,2.6836114,-0.52066076,3.207726,7.4346495,-7.3823714,7.4346495,13.845838,10.232034,-3.1750438,6.4153914,0.7342296,0.2988917,1.624856,-5.852637,-4.880647,-149.00815,0.5538205,1.0684865,7.5514035,6.8782673,-1.2223014e+22,0,3,7,0,1,0,11,0,4,0,0,0,0,4
182,-13.351742,-7.943555,-28.275038,-8.764201,-9.15895,2.5446005,-6.771855,-12.319372,6.540916,-9.630015,-3.6900291,4.566713,-0.62440556,-5.1559806,-8.860564,-5.1559806,10.589177,-5.9535637,-3.933281,-7.23111,-5.512995,-7.784682,-9.111583,5.090941,7.620976,-156.44048,12.097943,-8.202861,-9.513789,-6.3768682,-7.880719e+36,15,3,18,17,3,8,64,13,0,0,2,0,3,18
183,8.485322,-2.1006343,-20.128738,8.728342,-5.314777,-6.1032286,4.0912337,7.9841833,-6.730235,6.081785,9.357977,-5.8830028,10.681144,-7.3005385,-1.8016645,-7.3005385,-0.92152274,3.9961443,4.737633,6.7000356,5.7370853,9.268528,6.6717315,2.5182188,-5.6666574,-147.5675,-7.4782367,7.955755,8.408757,8.346136,-7.880719e+36,0,1,1,0,1,0,3,0,0,0,0,0,0,0
184,4.427101,7.513055,-22.506721,-0.915649,4.710476,-3.5102007,-1.0361861,-9.927313,5.6907215,0.51120645,4.487768,3.4951344,0.7682805,2.0893967,-1.3699365,2.0893967,6.2208996,3.1036556,-0.6760255,1.6826907,-0.17676829,-2.176061,4.0168233,10.137858,2.0216272,-146.67856,8.370443,4.540842,3.1834276,2.987488,-7.880719e+36,12,30,0,0,8,8,58,61,50,0,0,0,10,121
185,-6.3697195,4.3425384,106.03866,-6.728935,-3.1351297,4.284805,-5.5645385,-1.3204396,3.1729417,-4.0186987,-2.4386234,4.645515,4.109924,-3.3263555,-13.147513,-3.3263555,11.572786,-0.35785592,-6.722513,-9.877881,-9.116676,-7.8369083,-0.17380108,7.91038,2.0100443,-161.61868,11.213489,-2.5318274,-4.4357047,-4.059583,-7.880719e+36,0,0,9,2,0,0,11,0,0,0,0,0,0,0
186,-13.3076935,8.450343,-29.573677,-0.539192,3.7593172,2.5112555,-7.046415,-8.239358,5.291353,-7.13426,-2.9629424,5.4167356,-8.405797,-4.2738748,-7.875683,-4.2738748,-5.7082143,-0.55972004,9.832632,-11.047036,-8.744314,15.126442,-10.3979025,10.35881,3.3807616,-139.45122,9.919628,-3.3787117,-3.4219282,-3.8539348,-7.880719e+36,23,31,86,17,19,32,208,14,87,7,27,0,25,160
187,0.07047417,3.8547866,105.72273,2.0305905,-3.2626548,6.441231,-9.030588,-4.4965515,-2.5207407,-11.318974,-4.9791684,7.5539203,3.6508923,-0.5886735,-7.1521707,-0.5886735,-10.179561,-5.453108,-9.818645,-2.0054479,0.8660676,3.552572,-3.265989,-3.274897,9.489594,-143.78221,14.385908,-11.849014,-9.381739,-8.727752,-4.959829e+21,2,13,92,7,5,11,130,1,3,0,0,1,7,12
188,-2.2106938,3.6695108,105.97535,3.2120445,-3.3120227,-2.7488577,-2.063776,-9.9441,-2.021161,-7.8542075,1.2233235,7.701342,2.5224335,0.25949767,-5.0764575,0.25949767,1.9042892,8.726413,-0.22447969,-0.9234488,-7.2036314,3.0304744,-1.1582518,4.152479,-0.6906682,-153.05664,-1.2835084,-1.7596426,-9.151947,-0.8787813,-7.880719e+36,1,0,2,0,0,1,4,1,0,0,0,0,1,2
189,-8.339884,13.299834,-25.153175,-5.265269,7.3572974,-0.11127736,-8.865519,-10.9272375,-2.8170931,2.4825144,8.945839,1.7269094,8.392403,5.134819,-6.313786,5.134819,2.6396487,-4.147465,-2.6346931,5.199491,2.4758873,-11.617712,-7.7335386,-3.0029106,-4.191652,-140.99052,-5.2371,-9.623229,7.1484766,4.971605,1.4185293e+38,0,8,0,0,11,0,19,0,8,0,0,1,0,9
190,8.36945,-7.943555,-19.23113,7.136274,-9.820413,-9.362332,6.170356,9.297257,11.728083,7.564268,11.110078,-6.802991,11.0809,9.173413,6.347236,9.173413,1.4404379,4.1974854,5.961416,8.561823,7.6034384,11.887281,8.212447,1.7792493,-6.5553794,-161.70601,-8.612119,9.516602,10.063226,9.721097,-7.880719e+36,1,11,0,1,2,0,15,0,1,0,0,0,0,1
191,-2.081948,-1.1734099,-31.94737,3.6848354,-5.0252957,0.5805268,-1.5099041,-6.823824,-1.5195069,5.0946503,6.70245,-1.5477287,-1.3625875,-7.3013573,-4.4057813,-7.3013573,7.0147533,9.412696,-0.8006029,6.983949,1.3222121,-5.2161665,4.0557756,2.6405447,-3.9363544,-153.1253,-7.377042,-0.6363673,8.637047,6.874259,-5.769951e+21,0,1,1,0,3,1,6,0,0,0,0,0,0,0
192,-2.2934065,2.830009,-25.2111,2.4096186,0.27508685,-1.5132707,-3.8537285,-0.9879598,1.7729019,-2.3491533,-1.718787,7.8420696,4.2174215,0.63053304,-11.878949,0.63053304,8.3808,0.41182566,-5.613137,-2.7709172,-8.264464,-12.209016,-1.2911552,6.3933263,1.3796787,-142.35628,4.486725,-0.056837738,-8.196585,-1.1744306,-7.880719e+36,1,1,3,0,0,2,7,0,7,0,0,0,2,9
193,-3.3801668,3.9824452,-21.631948,-7.88695,0.54962575,0.46322253,-1.3149462,-8.808484,5.5464115,-0.048529394,4.0069075,3.6153524,1.2180243,1.7118198,-4.4926257,1.7118198,6.606091,-2.146557,-1.6208643,1.1768824,-0.25598985,-4.3493495,2.7958906,9.493262,2.8153057,-143.50775,-3.69668,0.46524993,2.6702745,2.662219,-7.880719e+36,0,7,0,0,1,1,9,0,4,0,0,0,3,7
194,7.893593,-7.529483,-16.56662,5.7553654,-9.658252,-4.4719577,2.6633375,4.675635,-6.8134556,6.6781335,10.004794,9.846151,9.610515,8.661495,-3.1659386,8.661495,1.5909704,2.3893065,3.9852834,8.673582,6.4854712,-1.8064013,4.653794,-5.2655773,-3.1335306,-146.55046,-6.607298,7.839381,9.282353,8.078356,-7.880719e+36,2,1,10,6,1,5,25,2,1,0,3,1,3,10
195,0.8201655,-1.1180376,-22.689459,4.9966416,-0.5600569,-2.128453,-0.14202702,2.5964482,0.5291385,1.0209132,4.948474,7.5568547,5.862249,5.701782,1.9880822,5.701782,-8.247401,-3.4509892,-9.531535,3.597257,0.47276214,5.928228,-2.695078,7.003394,0.25145626,-147.00339,-5.172185,2.2659483,2.1670108,5.5263104,-7.880719e+36,68,46,0,1,19,11,145,118,59,0,0,0,13,190
196,6.710981,14.19237,-16.834007,10.445282,11.973217,-6.2558765,3.3621478,4.5738015,-5.6173315,5.8535786,9.381503,6.2157397,-9.499713,6.9321547,-2.2649713,6.9321547,3.2590322,2.1041129,4.470687,8.452146,6.8907743,9.703443,5.702046,-7.7961454,-6.0861,-144.10367,-7.438255,4.2617273,5.790934,7.904282,1.4185293e+38,0,0,3,4,1,0,8,0,0,0,2,1,0,3
197,3.4955766,6.0749316,-31.201447,2.7697902,2.2708385,-3.872064,0.4471376,2.512375,0.6017505,0.90309155,4.4180555,7.2422104,5.6722937,5.34326,0.6063386,5.34326,-7.295516,1.2486367,0.14940064,2.8375783,3.406821,4.8678737,5.3799605,9.153494,0.74844515,-161.51318,5.863578,4.0631804,3.3418293,3.8593843,-7.880719e+36,18,15,0,0,10,6,49,19,16,0,0,0,8,43
198,8.038308,-1.8207692,-19.144623,11.105146,1.4239804,-9.123699,4.5273805,5.116223,-7.0085006,7.9765167,11.362956,-3.9941852,10.947588,9.344805,-2.3341124,9.344805,-1.0453321,3.9304285,-14.018836,8.785162,6.9540534,10.11947,6.4233365,-5.957935,-6.0704355,-155.96587,-8.651046,8.883892,10.265455,9.739294,-7.880719e+36,0,18,8,1,6,1,34,0,3,0,0,0,0,3
199,10.317273,-0.40453503,-20.811317,6.821243,-0.42490023,-7.314441,2.6368465,-14.95647,-5.637039,8.090653,11.540263,-8.371489,-10.357433,8.121765,-1.1245638,8.121765,-0.6350398,5.6122437,4.091426,8.250533,6.698142,7.7138834,4.8564305,2.410009,-4.278515,-151.51749,-7.793141,5.890991,9.907323,9.171126,-7.880719e+36,3,11,82,1,11,10,118,5,2,0,0,0,9,16
200,10.230934,13.213185,-16.886751,10.871955,11.321024,-6.0665517,-2.6177416,5.024694,-6.613004,9.8037405,12.568021,-4.332253,-5.2818866,8.64579,-18.852047,8.64579,8.655641,2.3492167,-14.622972,11.26409,9.810676,9.610025,8.385622,-8.581782,-7.397451,-153.40434,-10.467376,9.138135,12.654507,11.025251,-5.787683e+21,2,3,17,2,0,2,26,0,2,0,0,0,1,3
201,5.963183,-4.681445,-25.30953,3.575318,-5.45486,-5.0303817,-0.64266527,-2.5790803,-1.6066072,3.4444535,8.666576,8.669792,2.9108908,4.5549054,-4.0214515,4.5549054,7.1277266,9.564568,-0.02942217,3.7633853,2.0727124,-3.535763,-1.616477,1.0347471,-2.2065861,-140.96649,-2.4470747,5.171875,7.725694,5.143292,-7.880719e+36,22,19,1,0,5,6,53,78,42,0,0,0,6,126
202,-9.571563,15.508796,-28.275002,-12.186475,11.396116,1.0800614,-7.9373317,-11.855009,7.4056635,-1.2316117,-1.2552416,1.0243162,1.9176021,-4.049249,-6.397467,-4.049249,10.103351,-1.9601071,-2.7291844,-1.7360498,-5.5574975,-5.5146437,-8.226248,-1.3127387,5.0252075,-142.62605,8.813979,-8.044873,2.8351636,-2.377662,-7.880719e+36,7,11,0,0,10,2,30,9,16,0,0,0,5,30
203,2.035123,15.899558,-16.044365,8.91324,11.313364,-3.1946778,-0.44105184,2.2258084,0.7131787,3.9601383,5.881367,-2.029442,0.7161158,5.457814,-0.89391935,5.457814,5.991555,1.4857076,-0.22937185,5.902781,1.723405,-0.82842284,4.7876425,3.2099748,-3.061928,-138.9057,-2.918537,2.8910246,5.7004757,5.749688,-7.880719e+36,7,4,32,3,5,2,53,11,3,0,2,0,3,19
204,-9.215101,12.817579,-29.573902,-9.512762,6.516236,7.5644536,-9.377767,-4.2175,9.895113,-2.985282,-0.23827682,2.3464124,3.3845403,3.5928378,-8.418373,3.5928378,-4.738093,6.625181,-11.333262,-0.54574305,-1.1414186,1.7546555,1.5800534,-2.1780791,12.500133,-150.02039,11.214886,-5.8760476,-0.8132957,0.9381529,-4.72991e+21,5,12,94,42,11,16,180,4,22,24,9,0,9,68
205,0.8263674,14.731272,-20.974148,6.1911907,11.6837,-1.8709528,-0.46962413,-2.7147446,1.1975768,3.892313,5.6758285,-1.772852,1.3713629,4.880555,2.203343,4.880555,-9.927075,7.871256,-10.202794,4.5232716,1.3149263,5.820968,-2.791879,5.4699745,-1.1467425,-136.44916,-4.984305,2.117221,-0.39459383,5.5887213,-4.7112448e+21,111,36,12,0,26,24,209,100,27,0,0,0,21,148
206,2.397568,-6.027571,-21.809156,4.12021,-5.6593976,-2.7683313,-0.75879794,-7.7287393,4.8705306,4.398651,6.2711577,9.194172,0.51535,5.029466,-1.3882302,5.029466,6.703497,7.7632494,-0.45819056,6.423544,1.653063,-3.1362405,3.9023275,3.364645,-3.0749528,-146.22667,-6.301143,-0.14649418,6.2675996,6.0834446,-7.880719e+36,5,7,3,2,5,1,23,14,1,0,2,0,0,17
207,6.070285,-8.274736,-22.512793,5.3160577,-9.817913,-4.0031176,-0.021721823,4.025712,-0.24716207,6.1538033,6.32692,-6.4720187,-10.559054,6.4688087,2.6354687,6.4688087,-8.224466,1.2557862,-9.523429,6.214356,3.090913,6.217727,-2.7567878,5.401279,-2.3651974,-145.67413,-5.1075435,4.7900968,6.199151,7.017571,-7.880719e+36,55,70,56,4,54,25,264,69,89,0,0,0,29,187
208,9.505468,10.949506,-16.842112,6.2992387,11.774786,-9.691634,3.4718924,7.434984,-6.735468,7.8243084,11.347114,-4.850447,11.323378,8.894742,-2.3756824,8.894742,0.74245995,5.5578666,4.2380805,8.84563,7.144345,11.554237,7.747432,-6.673456,-6.0755486,-147.94154,-8.533348,7.737232,10.400318,9.641121,-7.880719e+36,0,1,2,1,0,1,5,0,0,0,0,0,0,0
209,5.0180016,3.135257,-21.188673,1.7678956,2.288566,-3.7673082,1.3395628,-7.430864,5.4743986,1.9307511,7.6577525,3.152524,1.1892177,5.054221,0.1448976,5.054221,5.2705026,0.70701957,-0.4874693,3.65103,3.7312286,-1.7762688,4.018315,5.561064,1.0010082,-147.83992,5.864066,-1.6036292,4.0930634,3.8700635,-7.880719e+36,24,36,9,0,11,8,88,66,73,0,0,1,4,144
210,10.407913,-1.3421075,-16.386332,9.176163,1.4574144,-6.7946515,-2.83255,5.96636,-6.557,9.308283,12.336604,-5.2427754,10.47748,9.405198,-19.668655,9.405198,3.2049425,2.9167182,5.5043616,10.629425,9.511519,10.616258,8.2971525,-7.1969433,-7.497536,-137.07512,-9.518943,9.267541,11.879373,10.695183,-7.880719e+36,0,2,8,2,1,1,14,0,4,0,1,1,0,6
211,11.896037,11.771372,-16.539669,4.1198397,7.7462687,-9.249619,-2.808819,6.2261534,-5.1625986,10.095149,14.695842,-6.4980454,-4.4645195,-8.693459,-19.44686,-8.693459,0.49272716,4.2841663,4.8972783,11.75836,10.333905,10.707448,9.509796,-9.394532,-8.1792965,-137.01033,-11.277587,11.303072,13.272389,11.968777,-7.880719e+36,0,2,8,1,0,2,13,0,4,0,0,0,0,4
212,-3.0401745,5.4161777,-28.275259,-9.530842,-2.8934946,1.2926531,-6.457594,-1.0843325,2.601861,-9.723666,-4.4296165,3.7034538,5.7712297,-3.1100385,-13.984321,-3.1100385,9.583671,-6.2842712,-4.284227,-7.1695127,-10.361331,-7.785609,-10.185023,1.0579436,-0.017244633,-162.69266,15.009576,-1.1874595,-10.24551,-8.002695,-7.880719e+36,3,0,2,0,0,2,7,4,0,1,0,0,1,6
213,10.651115,14.34688,-17.105268,11.019066,11.55881,-10.638231,-2.8219159,8.750874,-8.195761,10.190882,14.738584,-5.4067197,-5.3355355,-8.7465315,-19.480558,-8.7465315,0.81859034,5.6892,4.9740305,11.760037,10.154449,8.6890745,7.4889107,-9.308788,-8.125645,-143.12012,-11.323073,11.220003,13.349139,12.05585,-4.3075402e+21,0,2,23,3,0,0,28,0,0,0,0,0,0,0
214,11.558363,-8.6287155,-16.287764,11.800284,-9.669877,-10.764973,2.2797174,-5.255766,-4.6109505,9.961138,15.019488,-7.321577,10.31429,10.350308,5.6739945,10.350308,4.212226,5.1750517,-8.145477,10.897809,9.613978,13.014125,9.820403,-8.689382,-8.035143,-147.19211,-9.935308,9.967654,12.347651,11.688542,-7.880719e+36,2,13,0,0,1,2,18,2,3,0,0,0,0,5
215,-5.599533,6.761592,-29.57414,9.313813,3.0752091,-1.7052542,-3.6256528,-7.104514,4.8066645,-0.39690122,3.5056436,5.1257353,1.9413141,1.4656291,1.9031572,1.4656291,3.8740058,-2.5844827,-6.015821,-3.0488758,-6.48825,-6.1514306,-2.1110454,1.3526024,3.464224,-160.73134,22.471354,-2.223119,1.1814424,2.1178486,-7.880719e+36,38,31,3,0,16,7,95,70,43,0,0,0,14,127
216,10.156847,-9.086131,-16.189396,8.755753,-9.159263,-6.677192,3.908694,5.711868,-5.562076,8.425399,12.659466,-5.780935,10.367789,9.915766,-5.1740975,9.915766,3.3403742,3.0257614,5.020486,10.28105,8.635328,11.263721,8.627387,-6.1103783,-7.3502555,-152.52531,-9.389704,8.686641,11.513389,10.578567,-7.880719e+36,0,3,2,0,1,0,6,0,0,0,0,0,0,0
217,-1.2072121,4.795303,105.638405,-6.2546563,0.7571127,5.678036,-7.7223682,-4.0011683,-1.7604711,-10.054144,-5.2287726,3.9896042,3.2024922,-1.2393614,-7.5243444,-1.2393614,-10.099171,-5.506584,-9.780135,-7.0536532,-11.331846,2.6441584,-3.641475,-0.4400053,9.398944,-137.34032,15.657489,-1.6593237,-10.786176,-8.023543,-7.880719e+36,1,0,4,0,0,0,5,0,0,0,0,0,0,0
218,6.500533,-9.086131,-20.56297,1.5800343,-9.661625,-5.0379715,1.5874443,-14.997738,-0.18968834,5.6877403,10.003411,-2.361623,-12.362434,7.284199,-1.1121364,7.284199,6.0770783,3.1148653,-0.33877537,-13.6789,6.509267,-1.3904979,3.6658254,-6.127668,-2.6373928,-147.56818,2.1880317,6.77737,10.197735,7.4117103,-7.880719e+36,14,14,33,3,20,7,91,24,8,0,0,0,6,38
219,8.385366,14.356903,105.63993,11.813901,11.412398,-9.000202,4.3795743,7.90598,-7.989127,7.422115,11.024874,-5.9638314,-5.1941457,-9.826042,-1.9776553,-9.826042,-0.83361155,3.895199,-14.058443,8.253786,6.9388714,8.72047,6.979868,-5.824739,-5.781257,-155.73863,-7.6206055,8.7059355,9.669328,9.000259,-7.880719e+36,0,1,0,0,1,1,3,0,0,0,0,0,1,1
220,6.524667,13.745424,-23.436262,8.735739,10.353884,-5.385584,1.6189252,4.323282,-0.22174314,3.486135,8.459048,9.782126,7.224456,6.782339,0.3694368,6.782339,5.9235287,2.0992258,0.5335426,4.841848,4.251007,-0.5154028,3.7054005,2.0428388,-1.9001322,-154.18976,-5.4708486,5.695066,-12.953669,6.522774,-7.880719e+36,2,19,2,0,12,4,39,6,17,0,0,0,4,27
221,7.806054,16.927498,-22.053364,8.9899235,9.74082,-5.8074803,3.4514863,3.4254844,-6.5704827,6.270074,8.381302,-5.0354023,-5.372301,5.8412857,2.2060473,5.8412857,-6.792215,3.4346032,3.1684577,2.9651048,4.1669164,5.6811943,7.1527133,7.3163753,-1.4355958,-145.75871,8.835041,7.4730167,4.6527553,6.4096503,-7.880719e+36,6,8,0,0,7,3,24,26,13,0,0,0,5,44
222,2.5215054,-8.275314,-21.53588,4.2616067,-9.159023,-3.4245272,-0.60305965,-2.7926283,0.9541945,4.429419,6.086844,9.029818,4.194631,5.8347325,0.87109923,5.8347325,-7.3332906,-3.0730782,0.1514081,6.3715444,1.6672591,4.0231414,5.2254314,5.291654,-2.8188298,-146.2772,-5.4293137,1.252037,6.271343,6.2038116,-7.880719e+36,16,23,1,0,11,6,57,22,6,0,0,0,2,30
223,-16.235973,13.770164,-19.363035,10.503264,11.480734,-6.305222,4.5430355,8.793775,12.056066,5.6736817,9.416781,-6.7182126,10.920881,8.506058,-17.422216,8.506058,0.13015053,4.07968,5.7324524,7.641467,6.4770107,10.4931755,6.8035007,-6.2924967,-6.170854,-155.9533,-8.098826,8.62879,8.911228,8.291147,-7.880719e+36,0,0,0,0,1,0,1,0,0,0,0,0,0,0
224,10.907713,8.183818,-16.11793,8.222373,7.9242153,-7.030314,-14.781708,5.717873,-6.4515204,8.7130785,14.24978,-7.2870164,10.726278,10.028039,6.1491466,10.028039,-0.022871844,2.9724488,5.1838803,10.521732,9.167135,11.919408,9.637041,-7.9555387,-7.2070456,-164.93365,-9.201184,9.329874,11.695048,10.883638,-7.880719e+36,0,12,1,0,0,0,13,0,17,0,0,0,0,17
225,11.00819,-0.64533067,-16.334774,9.770329,-4.8300414,-10.822179,-14.605967,9.641966,-4.1168528,10.665915,15.39406,-7.451711,-2.579689,11.117205,5.926967,11.117205,-0.80963856,5.5328207,6.811771,11.861519,9.537787,12.420775,-6.0525217,-8.924529,6.294776,-139.6715,-11.232336,10.627713,13.592529,12.475776,1.4185293e+38,2,19,0,0,0,0,21,1,0,0,0,0,0,1
226,9.905879,2.0825846,-16.53476,6.0773945,0.10951474,10.911525,2.2907703,9.326075,-4.4106574,8.095397,12.358452,-7.259956,11.142823,10.060181,5.7494164,10.060181,1.2991437,4.778528,6.052581,9.737578,9.24928,10.824717,8.699716,-7.82986,-7.570758,-160.82082,-9.257053,9.604415,10.814809,10.506157,-7.880719e+36,136,302,0,0,8,0,446,164,99,0,0,0,0,263
227,11.088832,13.747067,-16.751886,7.548033,7.5410414,-8.721001,-2.7473352,6.276296,-8.15584,10.006807,14.341753,-4.800814,-5.543624,8.943695,-18.99639,8.943695,0.26656458,3.6806648,4.952668,11.642321,10.195576,7.676374,9.790518,-9.235458,-8.032665,-137.38547,-11.067664,10.49149,13.105447,11.819285,-5.0551093e+21,0,7,0,0,0,0,7,0,1,0,0,0,0,1
228,4.980979,16.95665,-22.482288,5.6726103,9.710584,-4.8102875,1.6692456,1.8469461,0.26774293,1.6433119,7.415982,10.345073,-9.644795,5.561494,-0.8012874,5.561494,5.0822616,2.7468834,1.1392066,2.4040587,3.859339,-0.9061711,4.2136436,9.618241,0.56757337,-160.87909,5.8634143,4.2452955,3.1739736,3.9298375,-7.880719e+36,10,21,0,0,3,5,39,27,15,0,0,0,9,51
229,11.5573435,11.551699,-16.75791,11.628141,11.751833,-9.799338,-2.8227541,-14.451027,-4.79436,10.899932,15.557879,11.730635,10.181701,11.634205,-19.459187,11.634205,-0.34757185,-11.165755,4.9063516,12.208452,10.540819,8.700793,-6.024072,-9.559542,-8.617666,-137.28987,17.119997,11.557066,13.907774,12.724058,-5.6331075e+21,1,13,1,1,0,2,18,0,3,0,0,0,0,3
230,11.597559,-0.52835643,-16.480158,11.703363,-4.7816334,11.299156,-2.8415864,-5.2761264,-4.2466464,10.625396,15.467019,-7.5173645,-3.232722,10.954618,-19.617746,10.954618,1.1363276,5.451693,7.0041256,11.478207,9.017472,15.091802,-6.02663,-8.648365,-8.9504385,-147.79987,-10.459278,10.225174,13.273863,-11.920016,-7.880719e+36,108,222,0,0,2,0,332,106,11,0,0,0,0,117
231,-1.0794146,-3.2813272,106.37578,-1.2366478,-2.8908553,5.573472,-10.193984,-12.152196,5.860118,-11.588835,-7.717231,3.45817,-0.33292094,-2.6651342,-8.348971,-2.6651342,-11.097359,-5.772798,-9.997905,-6.9951887,-11.163875,3.4648552,-3.5959466,-0.53631556,9.437935,-136.79652,15.81466,-1.6656265,-10.968901,-8.30746,-7.880719e+36,0,1,5,1,1,0,8,0,1,0,0,0,0,1
232,-13.829005,9.163563,-29.053486,-11.295658,3.9993641,3.3217714,-5.4211936,-1.3115406,3.8115706,-2.6418881,-2.313335,-6.450874,-7.564124,-3.398488,-12.252034,-3.398488,11.674018,-1.279543,-6.68263,-11.798909,-8.296724,-7.8455667,-8.452069,9.018543,2.2985876,-163.2966,10.460717,-3.4065864,-3.34805,-2.572649,-7.880719e+36,1,0,0,0,1,0,2,0,0,0,0,0,0,0
233,-5.9201355,-7.5884414,-29.574142,-7.3650823,-10.300307,5.3711505,-7.4832087,-11.405277,6.429656,-8.605075,-3.9391203,5.3506045,-0.5953675,-1.7820057,-9.542229,-1.7820057,10.010105,-5.4648604,-4.8132577,-7.53186,-5.83998,-8.275118,-6.823054,5.0186357,7.692365,-147.63866,-0.2772125,-11.444842,-9.042497,-6.9192104,-7.880719e+36,2,1,8,2,1,2,16,5,0,0,0,0,3,8
234,-2.714702,11.172012,-23.377586,-4.5575695,11.949843,-1.3725126,-1.0062723,-6.450682,1.2910538,-0.6373121,2.9934423,-1.6186966,1.2890905,2.5293968,0.71790266,2.5293968,6.7603817,-2.5985472,-1.7192862,0.57055885,-2.6179695,-4.8169794,3.0965078,6.436434,1.4327629,-141.95558,-1.8858713,0.45993978,0.7157857,2.4628768,-7.880719e+36,11,15,0,0,3,5,34,15,13,0,0,0,0,28
235,9.424151,11.143858,-16.823376,10.44551,12.162624,-5.5430727,2.937918,4.6104927,-6.6657352,7.9495397,11.398388,-5.1410575,-4.9427867,8.529841,-1.7729882,8.529841,0.3906145,5.68973,4.389577,9.615371,7.725576,9.55756,8.381331,-7.6208415,-6.0299807,-152.54308,-8.486924,6.3041596,10.733015,9.600012,-7.880719e+36,3,4,115,8,14,14,158,2,4,0,1,0,11,18
236,4.7182274,1.313517,-21.250723,-0.18169044,1.6553395,-3.9420648,1.1839337,-6.1079307,1.2616936,1.0812799,4.8069324,-1.998123,5.0668087,2.0973966,-0.72319067,2.0973966,5.33094,2.3802001,-0.64642036,3.4726446,3.1413722,-2.0870435,3.9677114,7.3560495,0.8492036,-148.07521,5.8641186,3.9316783,4.125078,3.4905133,-7.880719e+36,7,28,0,0,3,1,39,15,68,0,0,0,2,85
237,4.4190454,15.123639,-16.730152,9.934581,11.603518,-3.514401,-0.4285785,2.8619263,0.3632364,5.290816,9.123157,-3.3870046,0.71999663,7.1465135,-1.1512069,7.1465135,6.4539595,1.4816964,0.22665338,6.4931054,1.6914133,-0.1648231,5.0843706,3.9255886,-3.3989463,-153.67863,-6.9204016,3.1075962,8.115131,7.1663465,-7.880719e+36,0,0,0,0,0,1,1,0,0,0,0,0,0,0
238,0.43518972,0.19171919,-20.55905,3.6378825,-4.4917293,-1.5499429,-1.419205,-6.853169,-1.5585002,5.206103,6.8060374,8.33489,2.4984214,-7.2834096,-4.838442,-7.2834096,7.0915003,9.433583,-0.6642976,6.960253,1.3652244,-5.1581197,3.9297817,2.904281,-3.9315627,-161.10027,-7.9344378,-0.17935884,8.912035,6.86948,1.4185293e+38,0,1,2,0,0,0,3,0,1,0,0,0,0,1
239,7.142403,-8.6287155,-21.91928,5.461797,-9.158997,-4.0928125,1.3565089,3.88737,-5.264822,7.378792,11.128987,9.84709,-7.003495,6.9424286,-3.5663965,6.9424286,2.0233817,0.9314552,3.2877588,8.344852,6.2808666,-1.9809138,4.449897,-5.5163083,-3.313892,-146.76105,-6.1316643,4.9268384,9.648281,7.972291,-7.880719e+36,0,1,0,0,0,0,1,0,1,0,0,0,0,1
240,7.6990523,0.6215243,-21.773964,5.52361,1.597439,-7.066687,1.7118322,4.00723,-0.18641083,6.3423295,9.635256,6.2478,-10.5856905,6.5544815,1.2496774,6.5544815,-7.1442285,1.5488678,2.937304,6.645749,5.1429853,5.266391,6.2670517,5.3928404,-3.7308407,-154.39845,-6.092551,4.788242,8.142895,7.3926725,-7.880719e+36,0,1,0,0,0,0,1,0,0,0,0,0,0,0
241,6.9935474,14.493224,-22.956913,8.907555,11.393845,-5.3995485,2.4219613,8.699816,-4.8441815,2.6007018,8.24141,-2.640289,-2.2097468,5.732201,0.26187807,5.732201,2.426416,3.5971503,2.5629733,4.1526375,4.6848283,1.1555485,4.9684744,3.1002638,-1.6763778,-148.01547,-5.869386,7.565067,5.387776,4.3725357,-7.880719e+36,3,3,0,0,6,0,12,2,5,0,0,0,0,7
242,-0.8832725,10.434539,-25.239388,-5.8233166,7.742738,-0.46236482,-9.043511,-10.442888,-9.444272,2.338629,8.029207,3.0141861,8.392186,4.8505793,-6.000493,4.8505793,-2.8943715,9.097085,-1.4062811,3.4102476,2.4453032,-5.813146,-1.4628451,-3.0134287,10.025376,-140.95247,-2.016277,-11.289754,7.520281,4.7788844,-7.2408126e+21,1,2,0,0,6,2,11,12,1,0,0,0,4,17
243,0.132593,-3.327747,105.56357,2.640751,-4.891404,6.5461273,-9.528085,7.105776,-3.304301,-2.9940867,-0.21638934,5.3779893,-6.422576,4.8620605,-6.858769,4.8620605,-9.041955,10.276504,-9.076216,4.6826034,0.7662117,2.0104563,-5.5001535,-8.337376,-4.097033,9856.275,14.088339,0.99002343,-0.70756716,5.3112698,-1.0534435e+22,2,11,15,3,4,1,36,2,3,0,0,1,1,7
244,-13.688582,-7.5884414,-28.275543,-10.06835,-10.300482,2.8149242,-7.2111773,-11.915706,6.6159945,-9.789415,-3.6662347,1.076365,-1.5041591,-5.1254363,-9.555297,-5.1254363,10.24482,-7.2413435,-4.148342,-7.041307,-4.5254054,-7.8074756,-9.388572,4.23699,7.6612673,-142.13283,14.581948,-7.5046687,-9.406772,-6.5304666,-7.880719e+36,2,0,0,0,0,0,2,3,0,0,0,0,0,3
245,10.669686,-0.028158631,-32.115517,8.838488,-0.34441736,-9.049506,3.9645357,8.019842,-5.764438,8.731159,11.88062,-5.8358665,11.154823,8.404344,-2.163153,8.404344,-0.7932985,5.303237,4.661233,9.359444,7.9419065,10.364404,7.9994087,-6.6891603,-5.6840677,-151.36774,-8.636371,6.8116083,11.308355,9.707422,-7.880719e+36,0,3,0,0,0,0,3,0,0,0,0,0,0,0
246,8.712695,1.3090752,-16.932844,8.297338,1.6547309,-5.495229,3.4845893,4.9325724,-6.634456,7.8935738,12.741392,-5.276735,10.353534,-7.4256787,-2.3943415,-7.4256787,0.4536505,2.8163786,4.7670836,9.948034,7.962645,11.526272,6.045475,-6.162647,-6.2010727,-152.51442,-8.427406,8.123556,10.845871,10.017007,-7.880719e+36,1,0,5,2,0,1,9,1,0,0,0,0,0,1
247,4.6850634,6.718748,-21.02974,4.9379616,2.4596324,-4.5065823,0.2653367,2.4207153,0.58345705,3.3232172,5.1601477,-3.297317,6.4118614,5.2750444,2.2273304,5.2750444,-7.82158,1.3585482,-9.293039,3.2724319,2.9890664,6.13422,-2.668355,6.607055,0.12832722,-161.5687,5.8642898,4.231485,4.0581985,4.657053,-7.880719e+36,5,11,3,0,9,0,28,3,9,0,0,0,0,12
248,11.415809,-4.47794,-19.03663,10.919894,-5.4182663,-9.527081,-2.764558,10.212925,-4.067855,8.991165,14.028114,-7.0911794,11.544149,-8.691272,-19.137312,-8.691272,-0.3850484,5.226392,6.4613786,10.249353,9.332214,9.813601,9.381194,-7.3982377,-8.711149,-147.04568,-10.135788,10.149129,11.78668,11.427123,-7.880719e+36,8,73,2,0,1,1,85,7,8,0,0,0,13,28
249,10.098058,0.7868811,-16.21785,9.764381,1.6100323,-6.632152,2.277375,5.648318,-6.5597563,9.07757,12.124628,11.729371,-5.4846478,9.369928,5.7249546,9.369928,0.4653691,2.8104253,5.3421264,10.318207,9.437378,10.729328,8.226067,-7.3649716,-7.2844124,-146.82985,-9.289856,9.140106,11.31023,10.514697,-7.880719e+36,0,0,1,0,0,0,1,0,0,0,0,0,0,0
250,-3.0619123,3.0937545,105.63506,-0.66955966,-3.472943,-2.330921,-1.9450909,-4.483737,1.8768994,-1.7234708,1.1954514,8.001939,1.3401872,0.55577976,-11.736503,0.55577976,7.1217585,9.599663,-2.0021765,0.358642,-7.625157,-5.9247594,-1.4972233,3.984727,-1.1756948,-161.15901,8.104087,-11.073674,-5.499164,-0.5394201,-7.880719e+36,0,0,3,1,1,1,6,0,0,0,0,0,1,1
251,9.581787,12.364976,-17.075544,10.4976635,6.27476,-6.442266,4.323967,4.9727187,-6.778018,7.551027,11.000833,-5.7845507,-5.732429,8.830929,-2.8763762,8.830929,3.0299711,3.0787318,-8.091947,9.001934,7.7814784,9.299522,7.747937,-4.2443457,-6.5212884,-145.61258,-8.15137,7.840395,10.407796,9.740426,1.4185293e+38,0,0,9,4,0,0,13,0,0,0,3,0,0,3
252,7.431531,16.16342,-20.52723,6.0132313,10.052896,-7.143721,2.671488,3.992408,-6.775666,6.257703,9.984525,-2.4631386,-2.2519677,6.806297,-3.1844862,6.806297,1.7544603,2.5100157,3.5993564,7.7573166,6.09437,-1.5290713,4.7323246,-6.218369,-3.7926118,-142.09128,-6.791108,7.5763106,8.769297,7.7501893,-7.880719e+36,1,2,0,0,0,1,4,1,0,0,0,0,3,4
253,8.413614,15.632553,-19.506756,12.809984,10.173491,-8.992865,4.316729,6.260041,-8.340689,7.6002316,11.164868,-8.290813,-7.237156,7.724547,-1.8422278,7.724547,-1.238728,3.7271297,5.6913843,8.24744,6.6938686,8.466836,6.144839,-5.671318,-5.5365415,-155.7079,-7.805695,8.232844,9.840145,9.190915,-7.880719e+36,0,0,1,0,0,0,1,0,0,0,0,0,0,0
254,10.494464,3.7104714,-16.834513,8.093286,7.968843,-7.7461596,4.0383744,5.251156,-6.7189217,9.358633,14.205172,-7.0989633,-5.427139,9.530856,-2.5230966,9.530856,-0.14121172,2.8368564,4.9501357,10.941561,9.570138,12.011864,7.12683,-7.7226114,-6.889367,-146.67336,-9.098541,9.314523,12.396383,11.017727,-7.880719e+36,0,0,5,2,0,1,8,0,0,0,0,0,0,0
255,-2.7160046,-7.943555,-21.866436,-0.7368553,-9.160629,1.0887316,0.30266052,-7.962224,5.32507,-0.079795726,3.8896642,3.2355788,1.0615953,1.7257409,-0.034908164,1.7257409,6.242219,-2.5255852,-1.2964679,3.1555767,-3.477871,-3.1574032,3.3888283,6.4735146,0.894242,-146.5142,7.9319863,-0.31248188,1.8280134,2.8157299,-7.880719e+36,0,2,0,0,0,0,2,0,0,0,0,0,0,0
256,-11.795946,-7.5884414,-28.748276,-10.7901125,-10.301193,4.1595144,-6.4913793,-11.840573,6.3832817,-4.6647253,-5.6998134,0.80425215,1.2453916,-2.3660045,-12.683582,-2.3660045,9.465317,-8.60376,-6.3855424,-9.187221,-6.3176374,-9.3106575,-8.746034,12.820621,6.4221425,-144.48277,8.341819,-8.100592,-5.8545513,-5.683955,-7.880719e+36,1,1,1,0,0,0,3,1,0,0,0,0,0,1
257,-1.4072235,3.4231539,-28.275782,-9.227927,-3.3749702,6.0944514,-10.843831,0.49485907,-9.194504,-10.870063,-7.944015,3.9850147,5.6287103,-2.8259645,-9.449804,-2.8259645,8.198873,-6.967681,-3.1022696,-6.4980035,-4.989249,-8.735001,0.4993135,0.121702,8.990873,-145.30235,14.23834,-0.6993466,-10.694272,-8.346689,1.4185293e+38,2,0,8,0,0,0,10,2,0,0,0,0,0,2
258,9.698244,16.051556,-19.86408,8.362024,10.080399,-9.085842,3.1962764,4.669675,-8.021244,6.8480415,10.526717,-3.7686758,10.818147,8.668507,-17.92776,8.668507,-0.48715687,5.2078853,4.177373,7.7772894,7.0380893,7.495591,8.597371,-3.636551,-5.4910235,-141.7161,-6.8332043,7.4195495,9.408279,8.639355,-5.1667963e+21,0,3,0,0,1,0,4,0,2,0,0,0,0,2
259,-2.1835701,-9.142589,-24.41497,-1.1427683,-9.688536,-2.3871725,0.5773125,1.0382386,0.66433847,0.106060036,4.0406404,6.594039,-9.350041,1.7359724,0.03305419,1.7359724,6.363628,0.56113064,-1.4692616,2.386746,3.7309868,-3.1970396,3.556307,8.861121,0.7743443,-155.39809,5.864229,3.2218153,2.6450486,2.9272456,-7.880719e+36,9,8,1,0,5,0,23,15,4,0,0,0,0,19
260,-4.51173,0.24111846,-25.242788,4.186339,-0.2896034,-2.289535,-1.8211273,-7.8109126,5.0917196,-0.5386263,3.2635248,7.2631283,1.2058583,2.1112437,-4.37649,2.1112437,6.787495,7.991954,-1.5752939,-0.7648639,-0.58324033,-4.709657,-1.6142892,1.3988762,2.1372373,-161.50679,12.754484,-10.949072,1.9880824,2.658424,-7.880719e+36,27,41,5,0,19,6,98,57,55,0,0,0,4,116
261,-5.526802,-8.638251,105.97127,-4.3935475,-10.301139,4.97247,-8.867547,-10.16204,-2.0896015,-10.394375,-6.8415875,5.8609,-12.198788,-2.1974895,-6.767005,-2.1974895,-8.7149315,-7.0866957,-8.909343,-5.403836,-11.775875,-13.610935,-7.1980457,-0.5626527,9.514994,9856.275,15.67535,-1.0348955,-11.066174,-8.282506,-7.880719e+36,0,1,18,12,0,0,31,0,2,0,10,0,0,12
262,8.128309,16.971851,-21.11338,12.022426,9.692472,-5.816375,3.5322945,3.3381948,-5.703039,2.1542482,8.054414,-3.5387318,-9.912353,5.6757436,-0.6180925,5.6757436,-4.075031,3.4411695,2.4690876,2.982857,5.0407696,7.641365,4.1557975,6.7186375,0.9756975,-160.56996,-4.919706,7.404689,4.100211,4.2516203,-7.880719e+36,2,4,0,0,0,2,8,7,0,0,0,0,2,9
263,-3.2144854,2.5881267,105.69772,3.6878998,-3.637111,0.37422127,-1.6234589,-8.998659,-9.054413,-7.7695594,-4.2154183,7.7508507,-3.1692367,0.22587281,-11.177357,0.22587281,-9.105123,8.656487,-10.935192,-5.6959167,-6.8574195,1.8316414,-2.7975543,4.991419,-0.20139027,-150.61342,-0.54742473,-11.837461,-8.512124,-1.0346622,-7.880719e+36,0,0,1,0,0,0,1,0,0,0,0,0,0,0
264,-2.0888665,-7.943555,-24.605865,3.1539476,-10.300833,-2.507312,0.8131939,-7.614503,-5.79165,0.80423987,4.276148,-1.5258948,-8.203878,2.128263,0.7268426,2.128263,-7.5773587,0.45065552,0.29457158,2.7183993,3.836237,4.9524517,5.5464754,8.837021,0.64789325,-161.8256,5.8639326,3.7774673,3.0533507,3.1483157,-7.880719e+36,18,18,0,0,14,2,52,97,61,0,0,3,1,162
265,-6.1087127,5.823532,106.00238,-9.769992,1.1070108,2.518385,-5.5845475,0.39442822,2.8084254,-2.500868,-1.4899801,3.6588812,-6.656016,-3.3698175,-12.277737,-3.3698175,11.834444,-2.2206855,-6.867601,-11.8123255,-7.775321,-7.8567314,-7.8695245,1.0870653,2.8332787,-163.23497,9.920849,-3.5873606,-2.6125917,-2.3517172,-7.880719e+36,45,15,4,0,4,5,73,35,4,0,0,0,5,44
266,8.186574,-4.8254285,-19.11345,11.183458,1.367947,-9.118014,4.459762,8.672816,-6.498763,9.03007,11.925438,-6.0729485,11.463962,8.7372265,-2.3613544,8.7372265,-1.162143,4.136829,6.227865,9.420376,8.1750145,10.051997,6.654664,-6.426256,-7.4586253,-154.0611,-9.073239,9.911867,11.27425,10.432647,-7.880719e+36,1,3,1,0,0,0,5,0,9,0,0,0,0,9
267,10.701887,16.298002,105.395935,12.813036,10.016235,10.021233,2.6405473,8.79179,-8.031699,7.0165277,10.715105,10.450034,-6.5327973,7.634269,-1.2623819,7.634269,-0.57630485,3.7896006,3.722973,6.768819,6.379548,8.000591,6.302892,2.807638,-5.633063,-148.03455,-6.408986,6.826553,8.303378,8.976519,-7.880719e+36,2,3,0,0,2,0,7,2,1,0,0,0,0,3
